<?xml version="1.0" encoding="UTF-8"?>
<metadata xml:lang="en"><Esri><CreaDate>20221111</CreaDate><CreaTime>15185200</CreaTime><ArcGISFormat>1.0</ArcGISFormat><SyncOnce>TRUE</SyncOnce><DataProperties><itemProps><itemLocation><linkage Sync="TRUE">file://\\L30094\C$\Users\sellis\Desktop\DELETELATER\UTA_ROUTES_2017_TO_PRESENT\2018_0408_ALLROUTES_NAD1983</linkage><protocol Sync="TRUE">Local Area Network</protocol></itemLocation></itemProps><copyHistory><copy source="\\osiris\GIS Data\Routes\Routepatterns\TRAPEZE_ROUTES\2018_04_APRIL\NAD1983_Zone12\2018_0408_ALLROUTES_NAD1983" dest="\\L30094\C$\Users\sellis\Desktop\DELETELATER\UTA_ROUTES_2017_TO_PRESENT\2018_0408_ALLROUTES_NAD1983" date="20221111" time="15185200"></copy></copyHistory><lineage><Process ToolSource="c:\program files\arcgis\pro\Resources\ArcToolbox\toolboxes\Data Management Tools.tbx\Copy" Date="20221111" Time="151852">Copy "\\osiris\GIS Data\Routes\Routepatterns\TRAPEZE_ROUTES\2018_04_APRIL\NAD1983_Zone12\2018_0408_ALLROUTES_NAD1983.shp" C:\Users\sellis\Desktop\DELETELATER\UTA_ROUTES_2017_TO_PRESENT\2018_0408_ALLROUTES_NAD1983.shp Shapefile #</Process><Process ToolSource="c:\program files\arcgis\pro\Resources\ArcToolbox\toolboxes\Data Management Tools.tbx\DeleteField" Date="20221111" Time="153755">DeleteField 2018_0408_ALLROUTES_NAD1983 LineColor;LineId;AgencyId;tpField00 "Delete Fields"</Process><Process ToolSource="c:\program files\arcgis\pro\Resources\ArcToolbox\toolboxes\Data Management Tools.tbx\DeleteField" Date="20221111" Time="153808">DeleteField 2018_0408_ALLROUTES_NAD1983 LineType;tpField01;tpField02;CommentId;tpField03;tpField04;UserD1;UserD2;UserL1;UserL2;UserL3;UserL4;UserL5;UserL6;UserL7;UserL8;tpField05;UserS2;UserS3;UserS4;UserS5;UserS6;UserS7;UserS8;UserA1;tpField06;tpField07 "Delete Fields"</Process><Process ToolSource="c:\program files\arcgis\pro\Resources\ArcToolbox\toolboxes\Data Management Tools.tbx\DeleteField" Date="20221111" Time="153917">DeleteField 2018_0408_ALLROUTES_NAD1983 tpField08;tpField09;UserA8;tpField10;tpField11;NumTrips;tpField12;tpField13;tpField14;RevenueNo;tpField15;IsShuttle;tpField16;tpField17;UserLS1;UserLS2;UserLS3;UserLS4;UserLS5;LineId0;LineId1;DirNum0;DirNum1;LineDirId0;LineDirId1;AgencyId0;AgencyId1;tpField180;tpField181;tpField190;tpField191;UserD10;UserD11;UserD20;UserD21;UserL10;UserL11;UserL20;UserL21;UserL30;UserL31;UserL40;UserL41;UserS10;UserS11;UserS20;UserS21;UserS30;UserS31;UserS40;UserS41;UserA10;UserA11;UserA20;UserA21;UserA30;UserA31;UserA40;UserA41;tpField200;tpField201;Sections0;Sections1;tpField210;tpField211;tpField220;tpField221 "Delete Fields"</Process></lineage></DataProperties></Esri></metadata>
