<?xml version="1.0" encoding="UTF-8"?>
<metadata xml:lang="en"><Esri><CreaDate>20221111</CreaDate><CreaTime>15193400</CreaTime><ArcGISFormat>1.0</ArcGISFormat><SyncOnce>TRUE</SyncOnce><DataProperties><itemProps><itemLocation><linkage Sync="TRUE">file://\\L30094\C$\Users\sellis\Desktop\DELETELATER\UTA_ROUTES_2017_TO_PRESENT\2018_0812_ALLROUTES_NAD1983</linkage><protocol Sync="TRUE">Local Area Network</protocol></itemLocation></itemProps><copyHistory><copy source="\\osiris\GIS Data\Routes\Routepatterns\TRAPEZE_ROUTES\2018_08_AUG\NAD1983_Zone12\2018_0812_ALLROUTES_NAD1983" dest="\\L30094\C$\Users\sellis\Desktop\DELETELATER\UTA_ROUTES_2017_TO_PRESENT\2018_0812_ALLROUTES_NAD1983" date="20221111" time="15193400"></copy></copyHistory><lineage><Process ToolSource="c:\program files\arcgis\pro\Resources\ArcToolbox\toolboxes\Data Management Tools.tbx\Copy" Date="20221111" Time="151934">Copy "\\osiris\GIS Data\Routes\Routepatterns\TRAPEZE_ROUTES\2018_08_AUG\NAD1983_Zone12\2018_0812_ALLROUTES_NAD1983.shp" C:\Users\sellis\Desktop\DELETELATER\UTA_ROUTES_2017_TO_PRESENT\2018_0812_ALLROUTES_NAD1983.shp Shapefile #</Process><Process ToolSource="c:\program files\arcgis\pro\Resources\ArcToolbox\toolboxes\Data Management Tools.tbx\DeleteField" Date="20221111" Time="153733">DeleteField 2018_0812_ALLROUTES_NAD1983 tpField190 "Delete Fields"</Process><Process ToolSource="c:\program files\arcgis\pro\Resources\ArcToolbox\toolboxes\Data Management Tools.tbx\DeleteField" Date="20221111" Time="153739">DeleteField 2018_0812_ALLROUTES_NAD1983 tpField191 "Delete Fields"</Process></lineage></DataProperties></Esri></metadata>
