<?xml version="1.0" encoding="UTF-8"?>
<metadata xml:lang="en"><Esri><CreaDate>20221111</CreaDate><CreaTime>15204300</CreaTime><ArcGISFormat>1.0</ArcGISFormat><ArcGISstyle>Item Description</ArcGISstyle><SyncOnce>FALSE</SyncOnce><DataProperties><lineage><Process ToolSource="c:\program files (x86)\arcgis\desktop10.4\ArcToolbox\Toolboxes\Data Management Tools.tbx\Project" Date="20190806" Time="114237">Project H:\AugustLines.shp H:\AugustLines_Project.shp GEOGCS['GCS_WGS_1984',DATUM['D_WGS_1984',SPHEROID['WGS_1984',6378137.0,298.257223563]],PRIMEM['Greenwich',0.0],UNIT['Degree',0.0174532925199433]] # GEOGCS['GCS_WGS_1984',DATUM['D_WGS_1984',SPHEROID['WGS_1984',6378137.0,298.257223563]],PRIMEM['Greenwich',0.0],UNIT['Degree',0.0174532925199433]] NO_PRESERVE_SHAPE # NO_VERTICAL</Process><Process ToolSource="c:\program files (x86)\arcgis\desktop10.4\ArcToolbox\Toolboxes\Data Management Tools.tbx\Project" Date="20190806" Time="114306">Project H:\AugustLines_Project.shp H:\AugustLines_Project_Project.shp PROJCS['NAD_1983_UTM_Zone_12N',GEOGCS['GCS_North_American_1983',DATUM['D_North_American_1983',SPHEROID['GRS_1980',6378137.0,298.257222101]],PRIMEM['Greenwich',0.0],UNIT['Degree',0.0174532925199433]],PROJECTION['Transverse_Mercator'],PARAMETER['False_Easting',500000.0],PARAMETER['False_Northing',0.0],PARAMETER['Central_Meridian',-111.0],PARAMETER['Scale_Factor',0.9996],PARAMETER['Latitude_Of_Origin',0.0],UNIT['Meter',1.0]] WGS_1984_(ITRF00)_To_NAD_1983 GEOGCS['GCS_WGS_1984',DATUM['D_WGS_1984',SPHEROID['WGS_1984',6378137.0,298.257223563]],PRIMEM['Greenwich',0.0],UNIT['Degree',0.0174532925199433]] NO_PRESERVE_SHAPE # NO_VERTICAL</Process><Process ToolSource="c:\program files\arcgis\pro\Resources\ArcToolbox\toolboxes\Conversion Tools.tbx\FeatureClassToFeatureClass" Date="20190806" Time="120615">FeatureClassToFeatureClass 2019_0812_ALLROUTES_NAD1983_RAWDATA "\\arcgis\GIS Data\Routes\Routepatterns\TRAPEZE_ROUTES\2019_08_AUG\NAD1983_Zone12" 2019_0812_ALLROUTES_NAD1983.shp # "LineColor "LineColor" true true false 10 Long 0 10,First,#,2019_0812_ALLROUTES_NAD1983_RAWDATA,LineColor,-1,-1;LineId "LineId" true true false 10 Long 0 10,First,#,2019_0812_ALLROUTES_NAD1983_RAWDATA,LineId,-1,-1;AgencyId "AgencyId" true true false 10 Long 0 10,First,#,2019_0812_ALLROUTES_NAD1983_RAWDATA,AgencyId,-1,-1;tpField00 "tpField00" true true false 10 Long 0 10,First,#,2019_0812_ALLROUTES_NAD1983_RAWDATA,tpField00,-1,-1;LineAbbr "LineAbbr" true true false 7 Text 0 0,First,#,2019_0812_ALLROUTES_NAD1983_RAWDATA,LineAbbr,0,7;LineName "LineName" true true false 75 Text 0 0,First,#,2019_0812_ALLROUTES_NAD1983_RAWDATA,LineName,0,75;LineType "LineType" true true false 2 Text 0 0,First,#,2019_0812_ALLROUTES_NAD1983_RAWDATA,LineType,0,2;tpField01 "tpField01" true true false 7 Text 0 0,First,#,2019_0812_ALLROUTES_NAD1983_RAWDATA,tpField01,0,7;tpField02 "tpField02" true true false 10 Long 0 10,First,#,2019_0812_ALLROUTES_NAD1983_RAWDATA,tpField02,-1,-1;CommentId "CommentId" true true false 10 Long 0 10,First,#,2019_0812_ALLROUTES_NAD1983_RAWDATA,CommentId,-1,-1;tpField03 "tpField03" true true false 10 Long 0 10,First,#,2019_0812_ALLROUTES_NAD1983_RAWDATA,tpField03,-1,-1;tpField04 "tpField04" true true false 10 Long 0 10,First,#,2019_0812_ALLROUTES_NAD1983_RAWDATA,tpField04,-1,-1;UserD1 "UserD1" true true false 19 Double 0 0,First,#,2019_0812_ALLROUTES_NAD1983_RAWDATA,UserD1,-1,-1;UserD2 "UserD2" true true false 19 Double 0 0,First,#,2019_0812_ALLROUTES_NAD1983_RAWDATA,UserD2,-1,-1;UserL1 "UserL1" true true false 10 Long 0 10,First,#,2019_0812_ALLROUTES_NAD1983_RAWDATA,UserL1,-1,-1;UserL2 "UserL2" true true false 10 Long 0 10,First,#,2019_0812_ALLROUTES_NAD1983_RAWDATA,UserL2,-1,-1;UserL3 "UserL3" true true false 10 Long 0 10,First,#,2019_0812_ALLROUTES_NAD1983_RAWDATA,UserL3,-1,-1;UserL4 "UserL4" true true false 10 Long 0 10,First,#,2019_0812_ALLROUTES_NAD1983_RAWDATA,UserL4,-1,-1;UserL5 "UserL5" true true false 10 Long 0 10,First,#,2019_0812_ALLROUTES_NAD1983_RAWDATA,UserL5,-1,-1;UserL6 "UserL6" true true false 10 Long 0 10,First,#,2019_0812_ALLROUTES_NAD1983_RAWDATA,UserL6,-1,-1;UserL7 "UserL7" true true false 10 Long 0 10,First,#,2019_0812_ALLROUTES_NAD1983_RAWDATA,UserL7,-1,-1;UserL8 "UserL8" true true false 10 Long 0 10,First,#,2019_0812_ALLROUTES_NAD1983_RAWDATA,UserL8,-1,-1;tpField05 "tpField05" true true false 10 Long 0 10,First,#,2019_0812_ALLROUTES_NAD1983_RAWDATA,tpField05,-1,-1;UserS2 "UserS2" true true false 10 Long 0 10,First,#,2019_0812_ALLROUTES_NAD1983_RAWDATA,UserS2,-1,-1;UserS3 "UserS3" true true false 10 Long 0 10,First,#,2019_0812_ALLROUTES_NAD1983_RAWDATA,UserS3,-1,-1;UserS4 "UserS4" true true false 10 Long 0 10,First,#,2019_0812_ALLROUTES_NAD1983_RAWDATA,UserS4,-1,-1;UserS5 "UserS5" true true false 10 Long 0 10,First,#,2019_0812_ALLROUTES_NAD1983_RAWDATA,UserS5,-1,-1;UserS6 "UserS6" true true false 10 Long 0 10,First,#,2019_0812_ALLROUTES_NAD1983_RAWDATA,UserS6,-1,-1;UserS7 "UserS7" true true false 10 Long 0 10,First,#,2019_0812_ALLROUTES_NAD1983_RAWDATA,UserS7,-1,-1;UserS8 "UserS8" true true false 10 Long 0 10,First,#,2019_0812_ALLROUTES_NAD1983_RAWDATA,UserS8,-1,-1;UserA1 "UserA1" true true false 254 Text 0 0,First,#,2019_0812_ALLROUTES_NAD1983_RAWDATA,UserA1,0,254;tpField06 "tpField06" true true false 254 Text 0 0,First,#,2019_0812_ALLROUTES_NAD1983_RAWDATA,tpField06,0,254;tpField07 "tpField07" true true false 254 Text 0 0,First,#,2019_0812_ALLROUTES_NAD1983_RAWDATA,tpField07,0,254;Frequency "Frequency" true true false 254 Text 0 0,First,#,2019_0812_ALLROUTES_NAD1983_RAWDATA,Frequency,0,254;RouteType "RouteType" true true false 254 Text 0 0,First,#,2019_0812_ALLROUTES_NAD1983_RAWDATA,RouteType,0,254;tpField08 "tpField08" true true false 254 Text 0 0,First,#,2019_0812_ALLROUTES_NAD1983_RAWDATA,tpField08,0,254;tpField09 "tpField09" true true false 254 Text 0 0,First,#,2019_0812_ALLROUTES_NAD1983_RAWDATA,tpField09,0,254;UserA8 "UserA8" true true false 254 Text 0 0,First,#,2019_0812_ALLROUTES_NAD1983_RAWDATA,UserA8,0,254;tpField10 "tpField10" true true false 10 Long 0 10,First,#,2019_0812_ALLROUTES_NAD1983_RAWDATA,tpField10,-1,-1;tpField11 "tpField11" true true false 10 Long 0 10,First,#,2019_0812_ALLROUTES_NAD1983_RAWDATA,tpField11,-1,-1;NumTrips "NumTrips" true true false 10 Long 0 10,First,#,2019_0812_ALLROUTES_NAD1983_RAWDATA,NumTrips,-1,-1;tpField12 "tpField12" true true false 10 Long 0 10,First,#,2019_0812_ALLROUTES_NAD1983_RAWDATA,tpField12,-1,-1;tpField13 "tpField13" true true false 8 Text 0 0,First,#,2019_0812_ALLROUTES_NAD1983_RAWDATA,tpField13,0,8;tpField14 "tpField14" true true false 15 Text 0 0,First,#,2019_0812_ALLROUTES_NAD1983_RAWDATA,tpField14,0,15;RevenueNo "RevenueNo" true true false 10 Text 0 0,First,#,2019_0812_ALLROUTES_NAD1983_RAWDATA,RevenueNo,0,10;tpField15 "tpField15" true true false 10 Long 0 10,First,#,2019_0812_ALLROUTES_NAD1983_RAWDATA,tpField15,-1,-1;IsShuttle "IsShuttle" true true false 10 Long 0 10,First,#,2019_0812_ALLROUTES_NAD1983_RAWDATA,IsShuttle,-1,-1;tpField16 "tpField16" true true false 10 Long 0 10,First,#,2019_0812_ALLROUTES_NAD1983_RAWDATA,tpField16,-1,-1;tpField17 "tpField17" true true false 16 Text 0 0,First,#,2019_0812_ALLROUTES_NAD1983_RAWDATA,tpField17,0,16;AVLExport "AVLExport" true true false 10 Long 0 10,First,#,2019_0812_ALLROUTES_NAD1983_RAWDATA,AVLExport,-1,-1;UserLS1 "UserLS1" true true false 254 Text 0 0,First,#,2019_0812_ALLROUTES_NAD1983_RAWDATA,UserLS1,0,254;UserLS2 "UserLS2" true true false 254 Text 0 0,First,#,2019_0812_ALLROUTES_NAD1983_RAWDATA,UserLS2,0,254;UserLS3 "UserLS3" true true false 254 Text 0 0,First,#,2019_0812_ALLROUTES_NAD1983_RAWDATA,UserLS3,0,254;UserLS4 "UserLS4" true true false 254 Text 0 0,First,#,2019_0812_ALLROUTES_NAD1983_RAWDATA,UserLS4,0,254;UserLS5 "UserLS5" true true false 254 Text 0 0,First,#,2019_0812_ALLROUTES_NAD1983_RAWDATA,UserLS5,0,254;LineId0 "LineId0" true true false 10 Long 0 10,First,#,2019_0812_ALLROUTES_NAD1983_RAWDATA,LineId0,-1,-1;LineId1 "LineId1" true true false 10 Long 0 10,First,#,2019_0812_ALLROUTES_NAD1983_RAWDATA,LineId1,-1,-1;DirNum0 "DirNum0" true true false 10 Long 0 10,First,#,2019_0812_ALLROUTES_NAD1983_RAWDATA,DirNum0,-1,-1;DirNum1 "DirNum1" true true false 10 Long 0 10,First,#,2019_0812_ALLROUTES_NAD1983_RAWDATA,DirNum1,-1,-1;LineDirId0 "LineDirId0" true true false 10 Long 0 10,First,#,2019_0812_ALLROUTES_NAD1983_RAWDATA,LineDirId0,-1,-1;LineDirId1 "LineDirId1" true true false 10 Long 0 10,First,#,2019_0812_ALLROUTES_NAD1983_RAWDATA,LineDirId1,-1,-1;AgencyId0 "AgencyId0" true true false 10 Long 0 10,First,#,2019_0812_ALLROUTES_NAD1983_RAWDATA,AgencyId0,-1,-1;AgencyId1 "AgencyId1" true true false 10 Long 0 10,First,#,2019_0812_ALLROUTES_NAD1983_RAWDATA,AgencyId1,-1,-1;tpField180 "tpField180" true true false 10 Long 0 10,First,#,2019_0812_ALLROUTES_NAD1983_RAWDATA,tpField180,-1,-1;tpField181 "tpField181" true true false 10 Long 0 10,First,#,2019_0812_ALLROUTES_NAD1983_RAWDATA,tpField181,-1,-1;tpField190 "tpField190" true true false 15 Text 0 0,First,#,2019_0812_ALLROUTES_NAD1983_RAWDATA,tpField190,0,15;tpField191 "tpField191" true true false 15 Text 0 0,First,#,2019_0812_ALLROUTES_NAD1983_RAWDATA,tpField191,0,15;UserD10 "UserD10" true true false 19 Double 0 0,First,#,2019_0812_ALLROUTES_NAD1983_RAWDATA,UserD10,-1,-1;UserD11 "UserD11" true true false 19 Double 0 0,First,#,2019_0812_ALLROUTES_NAD1983_RAWDATA,UserD11,-1,-1;UserD20 "UserD20" true true false 19 Double 0 0,First,#,2019_0812_ALLROUTES_NAD1983_RAWDATA,UserD20,-1,-1;UserD21 "UserD21" true true false 19 Double 0 0,First,#,2019_0812_ALLROUTES_NAD1983_RAWDATA,UserD21,-1,-1;UserL10 "UserL10" true true false 10 Long 0 10,First,#,2019_0812_ALLROUTES_NAD1983_RAWDATA,UserL10,-1,-1;UserL11 "UserL11" true true false 10 Long 0 10,First,#,2019_0812_ALLROUTES_NAD1983_RAWDATA,UserL11,-1,-1;UserL20 "UserL20" true true false 10 Long 0 10,First,#,2019_0812_ALLROUTES_NAD1983_RAWDATA,UserL20,-1,-1;UserL21 "UserL21" true true false 10 Long 0 10,First,#,2019_0812_ALLROUTES_NAD1983_RAWDATA,UserL21,-1,-1;UserL30 "UserL30" true true false 10 Long 0 10,First,#,2019_0812_ALLROUTES_NAD1983_RAWDATA,UserL30,-1,-1;UserL31 "UserL31" true true false 10 Long 0 10,First,#,2019_0812_ALLROUTES_NAD1983_RAWDATA,UserL31,-1,-1;UserL40 "UserL40" true true false 10 Long 0 10,First,#,2019_0812_ALLROUTES_NAD1983_RAWDATA,UserL40,-1,-1;UserL41 "UserL41" true true false 10 Long 0 10,First,#,2019_0812_ALLROUTES_NAD1983_RAWDATA,UserL41,-1,-1;UserS10 "UserS10" true true false 10 Long 0 10,First,#,2019_0812_ALLROUTES_NAD1983_RAWDATA,UserS10,-1,-1;UserS11 "UserS11" true true false 10 Long 0 10,First,#,2019_0812_ALLROUTES_NAD1983_RAWDATA,UserS11,-1,-1;UserS20 "UserS20" true true false 10 Long 0 10,First,#,2019_0812_ALLROUTES_NAD1983_RAWDATA,UserS20,-1,-1;UserS21 "UserS21" true true false 10 Long 0 10,First,#,2019_0812_ALLROUTES_NAD1983_RAWDATA,UserS21,-1,-1;UserS30 "UserS30" true true false 10 Long 0 10,First,#,2019_0812_ALLROUTES_NAD1983_RAWDATA,UserS30,-1,-1;UserS31 "UserS31" true true false 10 Long 0 10,First,#,2019_0812_ALLROUTES_NAD1983_RAWDATA,UserS31,-1,-1;UserS40 "UserS40" true true false 10 Long 0 10,First,#,2019_0812_ALLROUTES_NAD1983_RAWDATA,UserS40,-1,-1;UserS41 "UserS41" true true false 10 Long 0 10,First,#,2019_0812_ALLROUTES_NAD1983_RAWDATA,UserS41,-1,-1;UserA10 "UserA10" true true false 254 Text 0 0,First,#,2019_0812_ALLROUTES_NAD1983_RAWDATA,UserA10,0,254;UserA11 "UserA11" true true false 254 Text 0 0,First,#,2019_0812_ALLROUTES_NAD1983_RAWDATA,UserA11,0,254;UserA20 "UserA20" true true false 254 Text 0 0,First,#,2019_0812_ALLROUTES_NAD1983_RAWDATA,UserA20,0,254;UserA21 "UserA21" true true false 254 Text 0 0,First,#,2019_0812_ALLROUTES_NAD1983_RAWDATA,UserA21,0,254;UserA30 "UserA30" true true false 254 Text 0 0,First,#,2019_0812_ALLROUTES_NAD1983_RAWDATA,UserA30,0,254;UserA31 "UserA31" true true false 254 Text 0 0,First,#,2019_0812_ALLROUTES_NAD1983_RAWDATA,UserA31,0,254;UserA40 "UserA40" true true false 254 Text 0 0,First,#,2019_0812_ALLROUTES_NAD1983_RAWDATA,UserA40,0,254;UserA41 "UserA41" true true false 254 Text 0 0,First,#,2019_0812_ALLROUTES_NAD1983_RAWDATA,UserA41,0,254;tpField200 "tpField200" true true false 10 Long 0 10,First,#,2019_0812_ALLROUTES_NAD1983_RAWDATA,tpField200,-1,-1;tpField201 "tpField201" true true false 10 Long 0 10,First,#,2019_0812_ALLROUTES_NAD1983_RAWDATA,tpField201,-1,-1;Sections0 "Sections0" true true false 10 Long 0 10,First,#,2019_0812_ALLROUTES_NAD1983_RAWDATA,Sections0,-1,-1;Sections1 "Sections1" true true false 10 Long 0 10,First,#,2019_0812_ALLROUTES_NAD1983_RAWDATA,Sections1,-1,-1;tpField210 "tpField210" true true false 10 Long 0 10,First,#,2019_0812_ALLROUTES_NAD1983_RAWDATA,tpField210,-1,-1;tpField211 "tpField211" true true false 10 Long 0 10,First,#,2019_0812_ALLROUTES_NAD1983_RAWDATA,tpField211,-1,-1;tpField220 "tpField220" true true false 10 Long 0 10,First,#,2019_0812_ALLROUTES_NAD1983_RAWDATA,tpField220,-1,-1;tpField221 "tpField221" true true false 10 Long 0 10,First,#,2019_0812_ALLROUTES_NAD1983_RAWDATA,tpField221,-1,-1" #</Process><Process ToolSource="c:\program files (x86)\arcgis\desktop10.4\ArcToolbox\Toolboxes\Data Management Tools.tbx\CalculateField" Date="20190807" Time="115245">CalculateField 2019_0812_ALLROUTES_NAD1983 COUNTY_1 !COUNTY_1!.title() PYTHON_9.3 #</Process><Process ToolSource="c:\program files (x86)\arcgis\desktop10.4\ArcToolbox\Toolboxes\Data Management Tools.tbx\CalculateField" Date="20190807" Time="121352">CalculateField 2019_0812_ALLROUTES_NAD1983 LineName !LineName!.title() PYTHON_9.3 #</Process><Process ToolSource="c:\program files\arcgis\pro\Resources\ArcToolbox\toolboxes\Data Management Tools.tbx\Copy" Date="20221111" Time="152043">Copy "\\osiris\GIS Data\Routes\Routepatterns\TRAPEZE_ROUTES\2019_08_AUG\NAD1983_Zone12\2019_0812_ALLROUTES_NAD1983.shp" C:\Users\sellis\Desktop\DELETELATER\UTA_ROUTES_2017_TO_PRESENT\2019_0812_ALLROUTES_NAD1983.shp Shapefile #</Process><Process ToolSource="c:\program files\arcgis\pro\Resources\ArcToolbox\toolboxes\Data Management Tools.tbx\CalculateField" Date="20221111" Time="153636">CalculateField 2019_0812_ALLROUTES_NAD1983 AvgBrd 0 "Python 3" # Text NO_ENFORCE_DOMAINS</Process></lineage><itemProps><itemLocation><linkage Sync="TRUE">file://\\L30094\C$\Users\sellis\Desktop\DELETELATER\UTA_ROUTES_2017_TO_PRESENT\2019_0812_ALLROUTES_NAD1983</linkage><protocol Sync="TRUE">Local Area Network</protocol></itemLocation><itemName Sync="TRUE">2019_0812_ALLROUTES_NAD1983</itemName><imsContentType Sync="TRUE">002</imsContentType><itemSize Sync="TRUE">0.000</itemSize></itemProps><copyHistory><copy source="\\osiris\GIS Data\Routes\Routepatterns\TRAPEZE_ROUTES\2019_08_AUG\NAD1983_Zone12\2019_0812_ALLROUTES_NAD1983" dest="\\L30094\C$\Users\sellis\Desktop\DELETELATER\UTA_ROUTES_2017_TO_PRESENT\2019_0812_ALLROUTES_NAD1983" date="20221111" time="15204300"></copy></copyHistory><coordRef><type Sync="TRUE">Projected</type><geogcsn Sync="TRUE">GCS_North_American_1983</geogcsn><csUnits Sync="TRUE">Linear Unit: Meter (1.000000)</csUnits><projcsn Sync="TRUE">NAD_1983_UTM_Zone_12N</projcsn><peXml Sync="TRUE">&lt;ProjectedCoordinateSystem xsi:type='typens:ProjectedCoordinateSystem' xmlns:xsi='http://www.w3.org/2001/XMLSchema-instance' xmlns:xs='http://www.w3.org/2001/XMLSchema' xmlns:typens='http://www.esri.com/schemas/ArcGIS/2.4.0'&gt;&lt;WKT&gt;PROJCS[&amp;quot;NAD_1983_UTM_Zone_12N&amp;quot;,GEOGCS[&amp;quot;GCS_North_American_1983&amp;quot;,DATUM[&amp;quot;D_North_American_1983&amp;quot;,SPHEROID[&amp;quot;GRS_1980&amp;quot;,6378137.0,298.257222101]],PRIMEM[&amp;quot;Greenwich&amp;quot;,0.0],UNIT[&amp;quot;Degree&amp;quot;,0.0174532925199433]],PROJECTION[&amp;quot;Transverse_Mercator&amp;quot;],PARAMETER[&amp;quot;False_Easting&amp;quot;,500000.0],PARAMETER[&amp;quot;False_Northing&amp;quot;,0.0],PARAMETER[&amp;quot;Central_Meridian&amp;quot;,-111.0],PARAMETER[&amp;quot;Scale_Factor&amp;quot;,0.9996],PARAMETER[&amp;quot;Latitude_Of_Origin&amp;quot;,0.0],UNIT[&amp;quot;Meter&amp;quot;,1.0],AUTHORITY[&amp;quot;EPSG&amp;quot;,26912]]&lt;/WKT&gt;&lt;XOrigin&gt;-5120900&lt;/XOrigin&gt;&lt;YOrigin&gt;-9998100&lt;/YOrigin&gt;&lt;XYScale&gt;450445547.3910538&lt;/XYScale&gt;&lt;ZOrigin&gt;-100000&lt;/ZOrigin&gt;&lt;ZScale&gt;10000&lt;/ZScale&gt;&lt;MOrigin&gt;-100000&lt;/MOrigin&gt;&lt;MScale&gt;10000&lt;/MScale&gt;&lt;XYTolerance&gt;0.001&lt;/XYTolerance&gt;&lt;ZTolerance&gt;0.001&lt;/ZTolerance&gt;&lt;MTolerance&gt;0.001&lt;/MTolerance&gt;&lt;HighPrecision&gt;true&lt;/HighPrecision&gt;&lt;WKID&gt;26912&lt;/WKID&gt;&lt;LatestWKID&gt;26912&lt;/LatestWKID&gt;&lt;/ProjectedCoordinateSystem&gt;</peXml></coordRef></DataProperties><SyncDate>20190806</SyncDate><SyncTime>12061400</SyncTime><ModDate>20190806</ModDate><ModTime>12061400</ModTime></Esri><dataIdInfo><envirDesc Sync="TRUE">Microsoft Windows 10 Version 10.0 (Build 17763) ; Esri ArcGIS 12.4.0.19948</envirDesc><dataLang><languageCode value="eng" Sync="TRUE"></languageCode><countryCode value="USA" Sync="TRUE"></countryCode></dataLang><idCitation><resTitle Sync="TRUE">2019_0812_ALLROUTES_NAD1983</resTitle><presForm><PresFormCd value="005" Sync="TRUE"></PresFormCd></presForm></idCitation><spatRpType><SpatRepTypCd value="001" Sync="TRUE"></SpatRepTypCd></spatRpType></dataIdInfo><mdLang><languageCode value="eng" Sync="TRUE"></languageCode><countryCode value="USA" Sync="TRUE"></countryCode></mdLang><mdChar><CharSetCd value="004" Sync="TRUE"></CharSetCd></mdChar><distInfo><distFormat><formatName Sync="TRUE">Shapefile</formatName></distFormat><distTranOps><transSize Sync="TRUE">0.000</transSize></distTranOps></distInfo><mdHrLv><ScopeCd value="005" Sync="TRUE"></ScopeCd></mdHrLv><mdHrLvName Sync="TRUE">dataset</mdHrLvName><refSysInfo><RefSystem><refSysID><identCode code="26912" Sync="TRUE"></identCode><idCodeSpace Sync="TRUE">EPSG</idCodeSpace><idVersion Sync="TRUE">6.13(3.0.1)</idVersion></refSysID></RefSystem></refSysInfo><spatRepInfo><VectSpatRep><geometObjs Name="2019_0812_ALLROUTES_NAD1983"><geoObjTyp><GeoObjTypCd value="002" Sync="TRUE"></GeoObjTypCd></geoObjTyp><geoObjCnt Sync="TRUE">0</geoObjCnt></geometObjs><topLvl><TopoLevCd value="001" Sync="TRUE"></TopoLevCd></topLvl></VectSpatRep></spatRepInfo><spdoinfo><ptvctinf><esriterm Name="2019_0812_ALLROUTES_NAD1983"><efeatyp Sync="TRUE">Simple</efeatyp><efeageom code="3" Sync="TRUE"></efeageom><esritopo Sync="TRUE">FALSE</esritopo><efeacnt Sync="TRUE">0</efeacnt><spindex Sync="TRUE">FALSE</spindex><linrefer Sync="TRUE">FALSE</linrefer></esriterm></ptvctinf></spdoinfo><eainfo><detailed Name="2019_0812_ALLROUTES_NAD1983"><enttyp><enttypl Sync="TRUE">2019_0812_ALLROUTES_NAD1983</enttypl><enttypt Sync="TRUE">Feature Class</enttypt><enttypc Sync="TRUE">0</enttypc></enttyp><attr><attrlabl Sync="TRUE">FID</attrlabl><attalias Sync="TRUE">FID</attalias><attrtype Sync="TRUE">OID</attrtype><attwidth Sync="TRUE">4</attwidth><atprecis Sync="TRUE">0</atprecis><attscale Sync="TRUE">0</attscale><attrdef Sync="TRUE">Internal feature number.</attrdef><attrdefs Sync="TRUE">Esri</attrdefs><attrdomv><udom Sync="TRUE">Sequential unique whole numbers that are automatically generated.</udom></attrdomv></attr><attr><attrlabl Sync="TRUE">Shape</attrlabl><attalias Sync="TRUE">Shape</attalias><attrtype Sync="TRUE">Geometry</attrtype><attwidth Sync="TRUE">0</attwidth><atprecis Sync="TRUE">0</atprecis><attscale Sync="TRUE">0</attscale><attrdef Sync="TRUE">Feature geometry.</attrdef><attrdefs Sync="TRUE">Esri</attrdefs><attrdomv><udom Sync="TRUE">Coordinates defining the features.</udom></attrdomv></attr><attr><attrlabl Sync="TRUE">LineColor</attrlabl><attalias Sync="TRUE">LineColor</attalias><attrtype Sync="TRUE">Integer</attrtype><attwidth Sync="TRUE">10</attwidth><atprecis Sync="TRUE">10</atprecis><attscale Sync="TRUE">0</attscale></attr><attr><attrlabl Sync="TRUE">LineId</attrlabl><attalias Sync="TRUE">LineId</attalias><attrtype Sync="TRUE">Integer</attrtype><attwidth Sync="TRUE">10</attwidth><atprecis Sync="TRUE">10</atprecis><attscale Sync="TRUE">0</attscale></attr><attr><attrlabl Sync="TRUE">AgencyId</attrlabl><attalias Sync="TRUE">AgencyId</attalias><attrtype Sync="TRUE">Integer</attrtype><attwidth Sync="TRUE">10</attwidth><atprecis Sync="TRUE">10</atprecis><attscale Sync="TRUE">0</attscale></attr><attr><attrlabl Sync="TRUE">tpField00</attrlabl><attalias Sync="TRUE">tpField00</attalias><attrtype Sync="TRUE">Integer</attrtype><attwidth Sync="TRUE">10</attwidth><atprecis Sync="TRUE">10</atprecis><attscale Sync="TRUE">0</attscale></attr><attr><attrlabl Sync="TRUE">LineAbbr</attrlabl><attalias Sync="TRUE">LineAbbr</attalias><attrtype Sync="TRUE">String</attrtype><attwidth Sync="TRUE">7</attwidth><atprecis Sync="TRUE">0</atprecis><attscale Sync="TRUE">0</attscale></attr><attr><attrlabl Sync="TRUE">LineName</attrlabl><attalias Sync="TRUE">LineName</attalias><attrtype Sync="TRUE">String</attrtype><attwidth Sync="TRUE">75</attwidth><atprecis Sync="TRUE">0</atprecis><attscale Sync="TRUE">0</attscale></attr><attr><attrlabl Sync="TRUE">LineType</attrlabl><attalias Sync="TRUE">LineType</attalias><attrtype Sync="TRUE">String</attrtype><attwidth Sync="TRUE">2</attwidth><atprecis Sync="TRUE">0</atprecis><attscale Sync="TRUE">0</attscale></attr><attr><attrlabl Sync="TRUE">tpField01</attrlabl><attalias Sync="TRUE">tpField01</attalias><attrtype Sync="TRUE">String</attrtype><attwidth Sync="TRUE">7</attwidth><atprecis Sync="TRUE">0</atprecis><attscale Sync="TRUE">0</attscale></attr><attr><attrlabl Sync="TRUE">tpField02</attrlabl><attalias Sync="TRUE">tpField02</attalias><attrtype Sync="TRUE">Integer</attrtype><attwidth Sync="TRUE">10</attwidth><atprecis Sync="TRUE">10</atprecis><attscale Sync="TRUE">0</attscale></attr><attr><attrlabl Sync="TRUE">CommentId</attrlabl><attalias Sync="TRUE">CommentId</attalias><attrtype Sync="TRUE">Integer</attrtype><attwidth Sync="TRUE">10</attwidth><atprecis Sync="TRUE">10</atprecis><attscale Sync="TRUE">0</attscale></attr><attr><attrlabl Sync="TRUE">tpField03</attrlabl><attalias Sync="TRUE">tpField03</attalias><attrtype Sync="TRUE">Integer</attrtype><attwidth Sync="TRUE">10</attwidth><atprecis Sync="TRUE">10</atprecis><attscale Sync="TRUE">0</attscale></attr><attr><attrlabl Sync="TRUE">tpField04</attrlabl><attalias Sync="TRUE">tpField04</attalias><attrtype Sync="TRUE">Integer</attrtype><attwidth Sync="TRUE">10</attwidth><atprecis Sync="TRUE">10</atprecis><attscale Sync="TRUE">0</attscale></attr><attr><attrlabl Sync="TRUE">UserD1</attrlabl><attalias Sync="TRUE">UserD1</attalias><attrtype Sync="TRUE">Double</attrtype><attwidth Sync="TRUE">19</attwidth><atprecis Sync="TRUE">0</atprecis><attscale Sync="TRUE">0</attscale></attr><attr><attrlabl Sync="TRUE">UserD2</attrlabl><attalias Sync="TRUE">UserD2</attalias><attrtype Sync="TRUE">Double</attrtype><attwidth Sync="TRUE">19</attwidth><atprecis Sync="TRUE">0</atprecis><attscale Sync="TRUE">0</attscale></attr><attr><attrlabl Sync="TRUE">UserL1</attrlabl><attalias Sync="TRUE">UserL1</attalias><attrtype Sync="TRUE">Integer</attrtype><attwidth Sync="TRUE">10</attwidth><atprecis Sync="TRUE">10</atprecis><attscale Sync="TRUE">0</attscale></attr><attr><attrlabl Sync="TRUE">UserL2</attrlabl><attalias Sync="TRUE">UserL2</attalias><attrtype Sync="TRUE">Integer</attrtype><attwidth Sync="TRUE">10</attwidth><atprecis Sync="TRUE">10</atprecis><attscale Sync="TRUE">0</attscale></attr><attr><attrlabl Sync="TRUE">UserL3</attrlabl><attalias Sync="TRUE">UserL3</attalias><attrtype Sync="TRUE">Integer</attrtype><attwidth Sync="TRUE">10</attwidth><atprecis Sync="TRUE">10</atprecis><attscale Sync="TRUE">0</attscale></attr><attr><attrlabl Sync="TRUE">UserL4</attrlabl><attalias Sync="TRUE">UserL4</attalias><attrtype Sync="TRUE">Integer</attrtype><attwidth Sync="TRUE">10</attwidth><atprecis Sync="TRUE">10</atprecis><attscale Sync="TRUE">0</attscale></attr><attr><attrlabl Sync="TRUE">UserL5</attrlabl><attalias Sync="TRUE">UserL5</attalias><attrtype Sync="TRUE">Integer</attrtype><attwidth Sync="TRUE">10</attwidth><atprecis Sync="TRUE">10</atprecis><attscale Sync="TRUE">0</attscale></attr><attr><attrlabl Sync="TRUE">UserL6</attrlabl><attalias Sync="TRUE">UserL6</attalias><attrtype Sync="TRUE">Integer</attrtype><attwidth Sync="TRUE">10</attwidth><atprecis Sync="TRUE">10</atprecis><attscale Sync="TRUE">0</attscale></attr><attr><attrlabl Sync="TRUE">UserL7</attrlabl><attalias Sync="TRUE">UserL7</attalias><attrtype Sync="TRUE">Integer</attrtype><attwidth Sync="TRUE">10</attwidth><atprecis Sync="TRUE">10</atprecis><attscale Sync="TRUE">0</attscale></attr><attr><attrlabl Sync="TRUE">UserL8</attrlabl><attalias Sync="TRUE">UserL8</attalias><attrtype Sync="TRUE">Integer</attrtype><attwidth Sync="TRUE">10</attwidth><atprecis Sync="TRUE">10</atprecis><attscale Sync="TRUE">0</attscale></attr><attr><attrlabl Sync="TRUE">tpField05</attrlabl><attalias Sync="TRUE">tpField05</attalias><attrtype Sync="TRUE">Integer</attrtype><attwidth Sync="TRUE">10</attwidth><atprecis Sync="TRUE">10</atprecis><attscale Sync="TRUE">0</attscale></attr><attr><attrlabl Sync="TRUE">UserS2</attrlabl><attalias Sync="TRUE">UserS2</attalias><attrtype Sync="TRUE">Integer</attrtype><attwidth Sync="TRUE">10</attwidth><atprecis Sync="TRUE">10</atprecis><attscale Sync="TRUE">0</attscale></attr><attr><attrlabl Sync="TRUE">UserS3</attrlabl><attalias Sync="TRUE">UserS3</attalias><attrtype Sync="TRUE">Integer</attrtype><attwidth Sync="TRUE">10</attwidth><atprecis Sync="TRUE">10</atprecis><attscale Sync="TRUE">0</attscale></attr><attr><attrlabl Sync="TRUE">UserS4</attrlabl><attalias Sync="TRUE">UserS4</attalias><attrtype Sync="TRUE">Integer</attrtype><attwidth Sync="TRUE">10</attwidth><atprecis Sync="TRUE">10</atprecis><attscale Sync="TRUE">0</attscale></attr><attr><attrlabl Sync="TRUE">UserS5</attrlabl><attalias Sync="TRUE">UserS5</attalias><attrtype Sync="TRUE">Integer</attrtype><attwidth Sync="TRUE">10</attwidth><atprecis Sync="TRUE">10</atprecis><attscale Sync="TRUE">0</attscale></attr><attr><attrlabl Sync="TRUE">UserS6</attrlabl><attalias Sync="TRUE">UserS6</attalias><attrtype Sync="TRUE">Integer</attrtype><attwidth Sync="TRUE">10</attwidth><atprecis Sync="TRUE">10</atprecis><attscale Sync="TRUE">0</attscale></attr><attr><attrlabl Sync="TRUE">UserS7</attrlabl><attalias Sync="TRUE">UserS7</attalias><attrtype Sync="TRUE">Integer</attrtype><attwidth Sync="TRUE">10</attwidth><atprecis Sync="TRUE">10</atprecis><attscale Sync="TRUE">0</attscale></attr><attr><attrlabl Sync="TRUE">UserS8</attrlabl><attalias Sync="TRUE">UserS8</attalias><attrtype Sync="TRUE">Integer</attrtype><attwidth Sync="TRUE">10</attwidth><atprecis Sync="TRUE">10</atprecis><attscale Sync="TRUE">0</attscale></attr><attr><attrlabl Sync="TRUE">UserA1</attrlabl><attalias Sync="TRUE">UserA1</attalias><attrtype Sync="TRUE">String</attrtype><attwidth Sync="TRUE">254</attwidth><atprecis Sync="TRUE">0</atprecis><attscale Sync="TRUE">0</attscale></attr><attr><attrlabl Sync="TRUE">tpField06</attrlabl><attalias Sync="TRUE">tpField06</attalias><attrtype Sync="TRUE">String</attrtype><attwidth Sync="TRUE">254</attwidth><atprecis Sync="TRUE">0</atprecis><attscale Sync="TRUE">0</attscale></attr><attr><attrlabl Sync="TRUE">tpField07</attrlabl><attalias Sync="TRUE">tpField07</attalias><attrtype Sync="TRUE">String</attrtype><attwidth Sync="TRUE">254</attwidth><atprecis Sync="TRUE">0</atprecis><attscale Sync="TRUE">0</attscale></attr><attr><attrlabl Sync="TRUE">Frequency</attrlabl><attalias Sync="TRUE">Frequency</attalias><attrtype Sync="TRUE">String</attrtype><attwidth Sync="TRUE">254</attwidth><atprecis Sync="TRUE">0</atprecis><attscale Sync="TRUE">0</attscale></attr><attr><attrlabl Sync="TRUE">RouteType</attrlabl><attalias Sync="TRUE">RouteType</attalias><attrtype Sync="TRUE">String</attrtype><attwidth Sync="TRUE">254</attwidth><atprecis Sync="TRUE">0</atprecis><attscale Sync="TRUE">0</attscale></attr><attr><attrlabl Sync="TRUE">tpField08</attrlabl><attalias Sync="TRUE">tpField08</attalias><attrtype Sync="TRUE">String</attrtype><attwidth Sync="TRUE">254</attwidth><atprecis Sync="TRUE">0</atprecis><attscale Sync="TRUE">0</attscale></attr><attr><attrlabl Sync="TRUE">tpField09</attrlabl><attalias Sync="TRUE">tpField09</attalias><attrtype Sync="TRUE">String</attrtype><attwidth Sync="TRUE">254</attwidth><atprecis Sync="TRUE">0</atprecis><attscale Sync="TRUE">0</attscale></attr><attr><attrlabl Sync="TRUE">UserA8</attrlabl><attalias Sync="TRUE">UserA8</attalias><attrtype Sync="TRUE">String</attrtype><attwidth Sync="TRUE">254</attwidth><atprecis Sync="TRUE">0</atprecis><attscale Sync="TRUE">0</attscale></attr><attr><attrlabl Sync="TRUE">tpField10</attrlabl><attalias Sync="TRUE">tpField10</attalias><attrtype Sync="TRUE">Integer</attrtype><attwidth Sync="TRUE">10</attwidth><atprecis Sync="TRUE">10</atprecis><attscale Sync="TRUE">0</attscale></attr><attr><attrlabl Sync="TRUE">tpField11</attrlabl><attalias Sync="TRUE">tpField11</attalias><attrtype Sync="TRUE">Integer</attrtype><attwidth Sync="TRUE">10</attwidth><atprecis Sync="TRUE">10</atprecis><attscale Sync="TRUE">0</attscale></attr><attr><attrlabl Sync="TRUE">NumTrips</attrlabl><attalias Sync="TRUE">NumTrips</attalias><attrtype Sync="TRUE">Integer</attrtype><attwidth Sync="TRUE">10</attwidth><atprecis Sync="TRUE">10</atprecis><attscale Sync="TRUE">0</attscale></attr><attr><attrlabl Sync="TRUE">tpField12</attrlabl><attalias Sync="TRUE">tpField12</attalias><attrtype Sync="TRUE">Integer</attrtype><attwidth Sync="TRUE">10</attwidth><atprecis Sync="TRUE">10</atprecis><attscale Sync="TRUE">0</attscale></attr><attr><attrlabl Sync="TRUE">tpField13</attrlabl><attalias Sync="TRUE">tpField13</attalias><attrtype Sync="TRUE">String</attrtype><attwidth Sync="TRUE">8</attwidth><atprecis Sync="TRUE">0</atprecis><attscale Sync="TRUE">0</attscale></attr><attr><attrlabl Sync="TRUE">tpField14</attrlabl><attalias Sync="TRUE">tpField14</attalias><attrtype Sync="TRUE">String</attrtype><attwidth Sync="TRUE">15</attwidth><atprecis Sync="TRUE">0</atprecis><attscale Sync="TRUE">0</attscale></attr><attr><attrlabl Sync="TRUE">RevenueNo</attrlabl><attalias Sync="TRUE">RevenueNo</attalias><attrtype Sync="TRUE">String</attrtype><attwidth Sync="TRUE">10</attwidth><atprecis Sync="TRUE">0</atprecis><attscale Sync="TRUE">0</attscale></attr><attr><attrlabl Sync="TRUE">tpField15</attrlabl><attalias Sync="TRUE">tpField15</attalias><attrtype Sync="TRUE">Integer</attrtype><attwidth Sync="TRUE">10</attwidth><atprecis Sync="TRUE">10</atprecis><attscale Sync="TRUE">0</attscale></attr><attr><attrlabl Sync="TRUE">IsShuttle</attrlabl><attalias Sync="TRUE">IsShuttle</attalias><attrtype Sync="TRUE">Integer</attrtype><attwidth Sync="TRUE">10</attwidth><atprecis Sync="TRUE">10</atprecis><attscale Sync="TRUE">0</attscale></attr><attr><attrlabl Sync="TRUE">tpField16</attrlabl><attalias Sync="TRUE">tpField16</attalias><attrtype Sync="TRUE">Integer</attrtype><attwidth Sync="TRUE">10</attwidth><atprecis Sync="TRUE">10</atprecis><attscale Sync="TRUE">0</attscale></attr><attr><attrlabl Sync="TRUE">tpField17</attrlabl><attalias Sync="TRUE">tpField17</attalias><attrtype Sync="TRUE">String</attrtype><attwidth Sync="TRUE">16</attwidth><atprecis Sync="TRUE">0</atprecis><attscale Sync="TRUE">0</attscale></attr><attr><attrlabl Sync="TRUE">AVLExport</attrlabl><attalias Sync="TRUE">AVLExport</attalias><attrtype Sync="TRUE">Integer</attrtype><attwidth Sync="TRUE">10</attwidth><atprecis Sync="TRUE">10</atprecis><attscale Sync="TRUE">0</attscale></attr><attr><attrlabl Sync="TRUE">UserLS1</attrlabl><attalias Sync="TRUE">UserLS1</attalias><attrtype Sync="TRUE">String</attrtype><attwidth Sync="TRUE">254</attwidth><atprecis Sync="TRUE">0</atprecis><attscale Sync="TRUE">0</attscale></attr><attr><attrlabl Sync="TRUE">UserLS2</attrlabl><attalias Sync="TRUE">UserLS2</attalias><attrtype Sync="TRUE">String</attrtype><attwidth Sync="TRUE">254</attwidth><atprecis Sync="TRUE">0</atprecis><attscale Sync="TRUE">0</attscale></attr><attr><attrlabl Sync="TRUE">UserLS3</attrlabl><attalias Sync="TRUE">UserLS3</attalias><attrtype Sync="TRUE">String</attrtype><attwidth Sync="TRUE">254</attwidth><atprecis Sync="TRUE">0</atprecis><attscale Sync="TRUE">0</attscale></attr><attr><attrlabl Sync="TRUE">UserLS4</attrlabl><attalias Sync="TRUE">UserLS4</attalias><attrtype Sync="TRUE">String</attrtype><attwidth Sync="TRUE">254</attwidth><atprecis Sync="TRUE">0</atprecis><attscale Sync="TRUE">0</attscale></attr><attr><attrlabl Sync="TRUE">UserLS5</attrlabl><attalias Sync="TRUE">UserLS5</attalias><attrtype Sync="TRUE">String</attrtype><attwidth Sync="TRUE">254</attwidth><atprecis Sync="TRUE">0</atprecis><attscale Sync="TRUE">0</attscale></attr><attr><attrlabl Sync="TRUE">LineId0</attrlabl><attalias Sync="TRUE">LineId0</attalias><attrtype Sync="TRUE">Integer</attrtype><attwidth Sync="TRUE">10</attwidth><atprecis Sync="TRUE">10</atprecis><attscale Sync="TRUE">0</attscale></attr><attr><attrlabl Sync="TRUE">LineId1</attrlabl><attalias Sync="TRUE">LineId1</attalias><attrtype Sync="TRUE">Integer</attrtype><attwidth Sync="TRUE">10</attwidth><atprecis Sync="TRUE">10</atprecis><attscale Sync="TRUE">0</attscale></attr><attr><attrlabl Sync="TRUE">DirNum0</attrlabl><attalias Sync="TRUE">DirNum0</attalias><attrtype Sync="TRUE">Integer</attrtype><attwidth Sync="TRUE">10</attwidth><atprecis Sync="TRUE">10</atprecis><attscale Sync="TRUE">0</attscale></attr><attr><attrlabl Sync="TRUE">DirNum1</attrlabl><attalias Sync="TRUE">DirNum1</attalias><attrtype Sync="TRUE">Integer</attrtype><attwidth Sync="TRUE">10</attwidth><atprecis Sync="TRUE">10</atprecis><attscale Sync="TRUE">0</attscale></attr><attr><attrlabl Sync="TRUE">LineDirId0</attrlabl><attalias Sync="TRUE">LineDirId0</attalias><attrtype Sync="TRUE">Integer</attrtype><attwidth Sync="TRUE">10</attwidth><atprecis Sync="TRUE">10</atprecis><attscale Sync="TRUE">0</attscale></attr><attr><attrlabl Sync="TRUE">LineDirId1</attrlabl><attalias Sync="TRUE">LineDirId1</attalias><attrtype Sync="TRUE">Integer</attrtype><attwidth Sync="TRUE">10</attwidth><atprecis Sync="TRUE">10</atprecis><attscale Sync="TRUE">0</attscale></attr><attr><attrlabl Sync="TRUE">AgencyId0</attrlabl><attalias Sync="TRUE">AgencyId0</attalias><attrtype Sync="TRUE">Integer</attrtype><attwidth Sync="TRUE">10</attwidth><atprecis Sync="TRUE">10</atprecis><attscale Sync="TRUE">0</attscale></attr><attr><attrlabl Sync="TRUE">AgencyId1</attrlabl><attalias Sync="TRUE">AgencyId1</attalias><attrtype Sync="TRUE">Integer</attrtype><attwidth Sync="TRUE">10</attwidth><atprecis Sync="TRUE">10</atprecis><attscale Sync="TRUE">0</attscale></attr><attr><attrlabl Sync="TRUE">tpField180</attrlabl><attalias Sync="TRUE">tpField180</attalias><attrtype Sync="TRUE">Integer</attrtype><attwidth Sync="TRUE">10</attwidth><atprecis Sync="TRUE">10</atprecis><attscale Sync="TRUE">0</attscale></attr><attr><attrlabl Sync="TRUE">tpField181</attrlabl><attalias Sync="TRUE">tpField181</attalias><attrtype Sync="TRUE">Integer</attrtype><attwidth Sync="TRUE">10</attwidth><atprecis Sync="TRUE">10</atprecis><attscale Sync="TRUE">0</attscale></attr><attr><attrlabl Sync="TRUE">tpField190</attrlabl><attalias Sync="TRUE">tpField190</attalias><attrtype Sync="TRUE">String</attrtype><attwidth Sync="TRUE">15</attwidth><atprecis Sync="TRUE">0</atprecis><attscale Sync="TRUE">0</attscale></attr><attr><attrlabl Sync="TRUE">tpField191</attrlabl><attalias Sync="TRUE">tpField191</attalias><attrtype Sync="TRUE">String</attrtype><attwidth Sync="TRUE">15</attwidth><atprecis Sync="TRUE">0</atprecis><attscale Sync="TRUE">0</attscale></attr><attr><attrlabl Sync="TRUE">UserD10</attrlabl><attalias Sync="TRUE">UserD10</attalias><attrtype Sync="TRUE">Double</attrtype><attwidth Sync="TRUE">19</attwidth><atprecis Sync="TRUE">0</atprecis><attscale Sync="TRUE">0</attscale></attr><attr><attrlabl Sync="TRUE">UserD11</attrlabl><attalias Sync="TRUE">UserD11</attalias><attrtype Sync="TRUE">Double</attrtype><attwidth Sync="TRUE">19</attwidth><atprecis Sync="TRUE">0</atprecis><attscale Sync="TRUE">0</attscale></attr><attr><attrlabl Sync="TRUE">UserD20</attrlabl><attalias Sync="TRUE">UserD20</attalias><attrtype Sync="TRUE">Double</attrtype><attwidth Sync="TRUE">19</attwidth><atprecis Sync="TRUE">0</atprecis><attscale Sync="TRUE">0</attscale></attr><attr><attrlabl Sync="TRUE">UserD21</attrlabl><attalias Sync="TRUE">UserD21</attalias><attrtype Sync="TRUE">Double</attrtype><attwidth Sync="TRUE">19</attwidth><atprecis Sync="TRUE">0</atprecis><attscale Sync="TRUE">0</attscale></attr><attr><attrlabl Sync="TRUE">UserL10</attrlabl><attalias Sync="TRUE">UserL10</attalias><attrtype Sync="TRUE">Integer</attrtype><attwidth Sync="TRUE">10</attwidth><atprecis Sync="TRUE">10</atprecis><attscale Sync="TRUE">0</attscale></attr><attr><attrlabl Sync="TRUE">UserL11</attrlabl><attalias Sync="TRUE">UserL11</attalias><attrtype Sync="TRUE">Integer</attrtype><attwidth Sync="TRUE">10</attwidth><atprecis Sync="TRUE">10</atprecis><attscale Sync="TRUE">0</attscale></attr><attr><attrlabl Sync="TRUE">UserL20</attrlabl><attalias Sync="TRUE">UserL20</attalias><attrtype Sync="TRUE">Integer</attrtype><attwidth Sync="TRUE">10</attwidth><atprecis Sync="TRUE">10</atprecis><attscale Sync="TRUE">0</attscale></attr><attr><attrlabl Sync="TRUE">UserL21</attrlabl><attalias Sync="TRUE">UserL21</attalias><attrtype Sync="TRUE">Integer</attrtype><attwidth Sync="TRUE">10</attwidth><atprecis Sync="TRUE">10</atprecis><attscale Sync="TRUE">0</attscale></attr><attr><attrlabl Sync="TRUE">UserL30</attrlabl><attalias Sync="TRUE">UserL30</attalias><attrtype Sync="TRUE">Integer</attrtype><attwidth Sync="TRUE">10</attwidth><atprecis Sync="TRUE">10</atprecis><attscale Sync="TRUE">0</attscale></attr><attr><attrlabl Sync="TRUE">UserL31</attrlabl><attalias Sync="TRUE">UserL31</attalias><attrtype Sync="TRUE">Integer</attrtype><attwidth Sync="TRUE">10</attwidth><atprecis Sync="TRUE">10</atprecis><attscale Sync="TRUE">0</attscale></attr><attr><attrlabl Sync="TRUE">UserL40</attrlabl><attalias Sync="TRUE">UserL40</attalias><attrtype Sync="TRUE">Integer</attrtype><attwidth Sync="TRUE">10</attwidth><atprecis Sync="TRUE">10</atprecis><attscale Sync="TRUE">0</attscale></attr><attr><attrlabl Sync="TRUE">UserL41</attrlabl><attalias Sync="TRUE">UserL41</attalias><attrtype Sync="TRUE">Integer</attrtype><attwidth Sync="TRUE">10</attwidth><atprecis Sync="TRUE">10</atprecis><attscale Sync="TRUE">0</attscale></attr><attr><attrlabl Sync="TRUE">UserS10</attrlabl><attalias Sync="TRUE">UserS10</attalias><attrtype Sync="TRUE">Integer</attrtype><attwidth Sync="TRUE">10</attwidth><atprecis Sync="TRUE">10</atprecis><attscale Sync="TRUE">0</attscale></attr><attr><attrlabl Sync="TRUE">UserS11</attrlabl><attalias Sync="TRUE">UserS11</attalias><attrtype Sync="TRUE">Integer</attrtype><attwidth Sync="TRUE">10</attwidth><atprecis Sync="TRUE">10</atprecis><attscale Sync="TRUE">0</attscale></attr><attr><attrlabl Sync="TRUE">UserS20</attrlabl><attalias Sync="TRUE">UserS20</attalias><attrtype Sync="TRUE">Integer</attrtype><attwidth Sync="TRUE">10</attwidth><atprecis Sync="TRUE">10</atprecis><attscale Sync="TRUE">0</attscale></attr><attr><attrlabl Sync="TRUE">UserS21</attrlabl><attalias Sync="TRUE">UserS21</attalias><attrtype Sync="TRUE">Integer</attrtype><attwidth Sync="TRUE">10</attwidth><atprecis Sync="TRUE">10</atprecis><attscale Sync="TRUE">0</attscale></attr><attr><attrlabl Sync="TRUE">UserS30</attrlabl><attalias Sync="TRUE">UserS30</attalias><attrtype Sync="TRUE">Integer</attrtype><attwidth Sync="TRUE">10</attwidth><atprecis Sync="TRUE">10</atprecis><attscale Sync="TRUE">0</attscale></attr><attr><attrlabl Sync="TRUE">UserS31</attrlabl><attalias Sync="TRUE">UserS31</attalias><attrtype Sync="TRUE">Integer</attrtype><attwidth Sync="TRUE">10</attwidth><atprecis Sync="TRUE">10</atprecis><attscale Sync="TRUE">0</attscale></attr><attr><attrlabl Sync="TRUE">UserS40</attrlabl><attalias Sync="TRUE">UserS40</attalias><attrtype Sync="TRUE">Integer</attrtype><attwidth Sync="TRUE">10</attwidth><atprecis Sync="TRUE">10</atprecis><attscale Sync="TRUE">0</attscale></attr><attr><attrlabl Sync="TRUE">UserS41</attrlabl><attalias Sync="TRUE">UserS41</attalias><attrtype Sync="TRUE">Integer</attrtype><attwidth Sync="TRUE">10</attwidth><atprecis Sync="TRUE">10</atprecis><attscale Sync="TRUE">0</attscale></attr><attr><attrlabl Sync="TRUE">UserA10</attrlabl><attalias Sync="TRUE">UserA10</attalias><attrtype Sync="TRUE">String</attrtype><attwidth Sync="TRUE">254</attwidth><atprecis Sync="TRUE">0</atprecis><attscale Sync="TRUE">0</attscale></attr><attr><attrlabl Sync="TRUE">UserA11</attrlabl><attalias Sync="TRUE">UserA11</attalias><attrtype Sync="TRUE">String</attrtype><attwidth Sync="TRUE">254</attwidth><atprecis Sync="TRUE">0</atprecis><attscale Sync="TRUE">0</attscale></attr><attr><attrlabl Sync="TRUE">UserA20</attrlabl><attalias Sync="TRUE">UserA20</attalias><attrtype Sync="TRUE">String</attrtype><attwidth Sync="TRUE">254</attwidth><atprecis Sync="TRUE">0</atprecis><attscale Sync="TRUE">0</attscale></attr><attr><attrlabl Sync="TRUE">UserA21</attrlabl><attalias Sync="TRUE">UserA21</attalias><attrtype Sync="TRUE">String</attrtype><attwidth Sync="TRUE">254</attwidth><atprecis Sync="TRUE">0</atprecis><attscale Sync="TRUE">0</attscale></attr><attr><attrlabl Sync="TRUE">UserA30</attrlabl><attalias Sync="TRUE">UserA30</attalias><attrtype Sync="TRUE">String</attrtype><attwidth Sync="TRUE">254</attwidth><atprecis Sync="TRUE">0</atprecis><attscale Sync="TRUE">0</attscale></attr><attr><attrlabl Sync="TRUE">UserA31</attrlabl><attalias Sync="TRUE">UserA31</attalias><attrtype Sync="TRUE">String</attrtype><attwidth Sync="TRUE">254</attwidth><atprecis Sync="TRUE">0</atprecis><attscale Sync="TRUE">0</attscale></attr><attr><attrlabl Sync="TRUE">UserA40</attrlabl><attalias Sync="TRUE">UserA40</attalias><attrtype Sync="TRUE">String</attrtype><attwidth Sync="TRUE">254</attwidth><atprecis Sync="TRUE">0</atprecis><attscale Sync="TRUE">0</attscale></attr><attr><attrlabl Sync="TRUE">UserA41</attrlabl><attalias Sync="TRUE">UserA41</attalias><attrtype Sync="TRUE">String</attrtype><attwidth Sync="TRUE">254</attwidth><atprecis Sync="TRUE">0</atprecis><attscale Sync="TRUE">0</attscale></attr><attr><attrlabl Sync="TRUE">tpField200</attrlabl><attalias Sync="TRUE">tpField200</attalias><attrtype Sync="TRUE">Integer</attrtype><attwidth Sync="TRUE">10</attwidth><atprecis Sync="TRUE">10</atprecis><attscale Sync="TRUE">0</attscale></attr><attr><attrlabl Sync="TRUE">tpField201</attrlabl><attalias Sync="TRUE">tpField201</attalias><attrtype Sync="TRUE">Integer</attrtype><attwidth Sync="TRUE">10</attwidth><atprecis Sync="TRUE">10</atprecis><attscale Sync="TRUE">0</attscale></attr><attr><attrlabl Sync="TRUE">Sections0</attrlabl><attalias Sync="TRUE">Sections0</attalias><attrtype Sync="TRUE">Integer</attrtype><attwidth Sync="TRUE">10</attwidth><atprecis Sync="TRUE">10</atprecis><attscale Sync="TRUE">0</attscale></attr><attr><attrlabl Sync="TRUE">Sections1</attrlabl><attalias Sync="TRUE">Sections1</attalias><attrtype Sync="TRUE">Integer</attrtype><attwidth Sync="TRUE">10</attwidth><atprecis Sync="TRUE">10</atprecis><attscale Sync="TRUE">0</attscale></attr><attr><attrlabl Sync="TRUE">tpField210</attrlabl><attalias Sync="TRUE">tpField210</attalias><attrtype Sync="TRUE">Integer</attrtype><attwidth Sync="TRUE">10</attwidth><atprecis Sync="TRUE">10</atprecis><attscale Sync="TRUE">0</attscale></attr><attr><attrlabl Sync="TRUE">tpField211</attrlabl><attalias Sync="TRUE">tpField211</attalias><attrtype Sync="TRUE">Integer</attrtype><attwidth Sync="TRUE">10</attwidth><atprecis Sync="TRUE">10</atprecis><attscale Sync="TRUE">0</attscale></attr><attr><attrlabl Sync="TRUE">tpField220</attrlabl><attalias Sync="TRUE">tpField220</attalias><attrtype Sync="TRUE">Integer</attrtype><attwidth Sync="TRUE">10</attwidth><atprecis Sync="TRUE">10</atprecis><attscale Sync="TRUE">0</attscale></attr><attr><attrlabl Sync="TRUE">tpField221</attrlabl><attalias Sync="TRUE">tpField221</attalias><attrtype Sync="TRUE">Integer</attrtype><attwidth Sync="TRUE">10</attwidth><atprecis Sync="TRUE">10</atprecis><attscale Sync="TRUE">0</attscale></attr></detailed></eainfo><mdDateSt Sync="TRUE">20190806</mdDateSt></metadata>
