<?xml version="1.0" encoding="UTF-8"?>
<metadata xml:lang="en"><Esri><CreaDate>20221111</CreaDate><CreaTime>15213400</CreaTime><ArcGISFormat>1.0</ArcGISFormat><ArcGISstyle>Item Description</ArcGISstyle><SyncOnce>FALSE</SyncOnce><DataProperties><lineage><Process ToolSource="c:\program files (x86)\arcgis\desktop10.4\ArcToolbox\Toolboxes\Data Management Tools.tbx\Project" Date="20191015" Time="105430">Project H:\1219routes.shp H:\c1219routes_Project.shp GEOGCS['GCS_WGS_1984',DATUM['D_WGS_1984',SPHEROID['WGS_1984',6378137.0,298.257223563]],PRIMEM['Greenwich',0.0],UNIT['Degree',0.0174532925199433]] # GEOGCS['GCS_WGS_1984',DATUM['D_WGS_1984',SPHEROID['WGS_1984',6378137.0,298.257223563]],PRIMEM['Greenwich',0.0],UNIT['Degree',0.0174532925199433]] NO_PRESERVE_SHAPE # NO_VERTICAL</Process><Process ToolSource="c:\program files (x86)\arcgis\desktop10.4\ArcToolbox\Toolboxes\Data Management Tools.tbx\Project" Date="20191015" Time="105448">Project H:\c1219routes_Project.shp H:\c1219routes_Project_Project.shp PROJCS['NAD_1983_UTM_Zone_12N',GEOGCS['GCS_North_American_1983',DATUM['D_North_American_1983',SPHEROID['GRS_1980',6378137.0,298.257222101]],PRIMEM['Greenwich',0.0],UNIT['Degree',0.0174532925199433]],PROJECTION['Transverse_Mercator'],PARAMETER['False_Easting',500000.0],PARAMETER['False_Northing',0.0],PARAMETER['Central_Meridian',-111.0],PARAMETER['Scale_Factor',0.9996],PARAMETER['Latitude_Of_Origin',0.0],UNIT['Meter',1.0]] WGS_1984_(ITRF00)_To_NAD_1983 GEOGCS['GCS_WGS_1984',DATUM['D_WGS_1984',SPHEROID['WGS_1984',6378137.0,298.257223563]],PRIMEM['Greenwich',0.0],UNIT['Degree',0.0174532925199433]] NO_PRESERVE_SHAPE # NO_VERTICAL</Process><Process ToolSource="c:\program files\arcgis\pro\Resources\ArcToolbox\toolboxes\Conversion Tools.tbx\FeatureClassToFeatureClass" Date="20191015" Time="110651">FeatureClassToFeatureClass 2019_1201_ALLROUTES_NAD1983_RAWDATA "\\arcgis\gis data\Routes\Routepatterns\TRAPEZE_ROUTES\2019_12_DEC\NAD1983_Zone12" 2019_1201_ALLROUTES_NAD1983_RAWDATA_.shp # "LineColor "LineColor" true true false 10 Long 0 10,First,#,2019_1201_ALLROUTES_NAD1983_RAWDATA,LineColor,-1,-1;LineId "LineId" true true false 10 Long 0 10,First,#,2019_1201_ALLROUTES_NAD1983_RAWDATA,LineId,-1,-1;AgencyId "AgencyId" true true false 10 Long 0 10,First,#,2019_1201_ALLROUTES_NAD1983_RAWDATA,AgencyId,-1,-1;tpField00 "tpField00" true true false 10 Long 0 10,First,#,2019_1201_ALLROUTES_NAD1983_RAWDATA,tpField00,-1,-1;LineAbbr "LineAbbr" true true false 7 Text 0 0,First,#,2019_1201_ALLROUTES_NAD1983_RAWDATA,LineAbbr,0,7;LineName "LineName" true true false 75 Text 0 0,First,#,2019_1201_ALLROUTES_NAD1983_RAWDATA,LineName,0,75;LineType "LineType" true true false 2 Text 0 0,First,#,2019_1201_ALLROUTES_NAD1983_RAWDATA,LineType,0,2;tpField01 "tpField01" true true false 7 Text 0 0,First,#,2019_1201_ALLROUTES_NAD1983_RAWDATA,tpField01,0,7;tpField02 "tpField02" true true false 10 Long 0 10,First,#,2019_1201_ALLROUTES_NAD1983_RAWDATA,tpField02,-1,-1;CommentId "CommentId" true true false 10 Long 0 10,First,#,2019_1201_ALLROUTES_NAD1983_RAWDATA,CommentId,-1,-1;tpField03 "tpField03" true true false 10 Long 0 10,First,#,2019_1201_ALLROUTES_NAD1983_RAWDATA,tpField03,-1,-1;tpField04 "tpField04" true true false 10 Long 0 10,First,#,2019_1201_ALLROUTES_NAD1983_RAWDATA,tpField04,-1,-1;UserD1 "UserD1" true true false 19 Double 0 0,First,#,2019_1201_ALLROUTES_NAD1983_RAWDATA,UserD1,-1,-1;UserD2 "UserD2" true true false 19 Double 0 0,First,#,2019_1201_ALLROUTES_NAD1983_RAWDATA,UserD2,-1,-1;UserL1 "UserL1" true true false 10 Long 0 10,First,#,2019_1201_ALLROUTES_NAD1983_RAWDATA,UserL1,-1,-1;UserL2 "UserL2" true true false 10 Long 0 10,First,#,2019_1201_ALLROUTES_NAD1983_RAWDATA,UserL2,-1,-1;UserL3 "UserL3" true true false 10 Long 0 10,First,#,2019_1201_ALLROUTES_NAD1983_RAWDATA,UserL3,-1,-1;UserL4 "UserL4" true true false 10 Long 0 10,First,#,2019_1201_ALLROUTES_NAD1983_RAWDATA,UserL4,-1,-1;UserL5 "UserL5" true true false 10 Long 0 10,First,#,2019_1201_ALLROUTES_NAD1983_RAWDATA,UserL5,-1,-1;UserL6 "UserL6" true true false 10 Long 0 10,First,#,2019_1201_ALLROUTES_NAD1983_RAWDATA,UserL6,-1,-1;UserL7 "UserL7" true true false 10 Long 0 10,First,#,2019_1201_ALLROUTES_NAD1983_RAWDATA,UserL7,-1,-1;UserL8 "UserL8" true true false 10 Long 0 10,First,#,2019_1201_ALLROUTES_NAD1983_RAWDATA,UserL8,-1,-1;tpField05 "tpField05" true true false 10 Long 0 10,First,#,2019_1201_ALLROUTES_NAD1983_RAWDATA,tpField05,-1,-1;UserS2 "UserS2" true true false 10 Long 0 10,First,#,2019_1201_ALLROUTES_NAD1983_RAWDATA,UserS2,-1,-1;UserS3 "UserS3" true true false 10 Long 0 10,First,#,2019_1201_ALLROUTES_NAD1983_RAWDATA,UserS3,-1,-1;UserS4 "UserS4" true true false 10 Long 0 10,First,#,2019_1201_ALLROUTES_NAD1983_RAWDATA,UserS4,-1,-1;UserS5 "UserS5" true true false 10 Long 0 10,First,#,2019_1201_ALLROUTES_NAD1983_RAWDATA,UserS5,-1,-1;UserS6 "UserS6" true true false 10 Long 0 10,First,#,2019_1201_ALLROUTES_NAD1983_RAWDATA,UserS6,-1,-1;UserS7 "UserS7" true true false 10 Long 0 10,First,#,2019_1201_ALLROUTES_NAD1983_RAWDATA,UserS7,-1,-1;UserS8 "UserS8" true true false 10 Long 0 10,First,#,2019_1201_ALLROUTES_NAD1983_RAWDATA,UserS8,-1,-1;UserA1 "UserA1" true true false 254 Text 0 0,First,#,2019_1201_ALLROUTES_NAD1983_RAWDATA,UserA1,0,254;tpField06 "tpField06" true true false 254 Text 0 0,First,#,2019_1201_ALLROUTES_NAD1983_RAWDATA,tpField06,0,254;tpField07 "tpField07" true true false 254 Text 0 0,First,#,2019_1201_ALLROUTES_NAD1983_RAWDATA,tpField07,0,254;Frequency "Frequency" true true false 254 Text 0 0,First,#,2019_1201_ALLROUTES_NAD1983_RAWDATA,Frequency,0,254;RouteType "RouteType" true true false 254 Text 0 0,First,#,2019_1201_ALLROUTES_NAD1983_RAWDATA,RouteType,0,254;tpField08 "tpField08" true true false 254 Text 0 0,First,#,2019_1201_ALLROUTES_NAD1983_RAWDATA,tpField08,0,254;tpField09 "tpField09" true true false 254 Text 0 0,First,#,2019_1201_ALLROUTES_NAD1983_RAWDATA,tpField09,0,254;UserA8 "UserA8" true true false 254 Text 0 0,First,#,2019_1201_ALLROUTES_NAD1983_RAWDATA,UserA8,0,254;tpField10 "tpField10" true true false 10 Long 0 10,First,#,2019_1201_ALLROUTES_NAD1983_RAWDATA,tpField10,-1,-1;tpField11 "tpField11" true true false 10 Long 0 10,First,#,2019_1201_ALLROUTES_NAD1983_RAWDATA,tpField11,-1,-1;NumTrips "NumTrips" true true false 10 Long 0 10,First,#,2019_1201_ALLROUTES_NAD1983_RAWDATA,NumTrips,-1,-1;tpField12 "tpField12" true true false 10 Long 0 10,First,#,2019_1201_ALLROUTES_NAD1983_RAWDATA,tpField12,-1,-1;tpField13 "tpField13" true true false 8 Text 0 0,First,#,2019_1201_ALLROUTES_NAD1983_RAWDATA,tpField13,0,8;tpField14 "tpField14" true true false 15 Text 0 0,First,#,2019_1201_ALLROUTES_NAD1983_RAWDATA,tpField14,0,15;RevenueNo "RevenueNo" true true false 10 Text 0 0,First,#,2019_1201_ALLROUTES_NAD1983_RAWDATA,RevenueNo,0,10;tpField15 "tpField15" true true false 10 Long 0 10,First,#,2019_1201_ALLROUTES_NAD1983_RAWDATA,tpField15,-1,-1;IsShuttle "IsShuttle" true true false 10 Long 0 10,First,#,2019_1201_ALLROUTES_NAD1983_RAWDATA,IsShuttle,-1,-1;tpField16 "tpField16" true true false 10 Long 0 10,First,#,2019_1201_ALLROUTES_NAD1983_RAWDATA,tpField16,-1,-1;tpField17 "tpField17" true true false 16 Text 0 0,First,#,2019_1201_ALLROUTES_NAD1983_RAWDATA,tpField17,0,16;AVLExport "AVLExport" true true false 10 Long 0 10,First,#,2019_1201_ALLROUTES_NAD1983_RAWDATA,AVLExport,-1,-1;UserLS1 "UserLS1" true true false 254 Text 0 0,First,#,2019_1201_ALLROUTES_NAD1983_RAWDATA,UserLS1,0,254;UserLS2 "UserLS2" true true false 254 Text 0 0,First,#,2019_1201_ALLROUTES_NAD1983_RAWDATA,UserLS2,0,254;UserLS3 "UserLS3" true true false 254 Text 0 0,First,#,2019_1201_ALLROUTES_NAD1983_RAWDATA,UserLS3,0,254;UserLS4 "UserLS4" true true false 254 Text 0 0,First,#,2019_1201_ALLROUTES_NAD1983_RAWDATA,UserLS4,0,254;UserLS5 "UserLS5" true true false 254 Text 0 0,First,#,2019_1201_ALLROUTES_NAD1983_RAWDATA,UserLS5,0,254;LineId0 "LineId0" true true false 10 Long 0 10,First,#,2019_1201_ALLROUTES_NAD1983_RAWDATA,LineId0,-1,-1;LineId1 "LineId1" true true false 10 Long 0 10,First,#,2019_1201_ALLROUTES_NAD1983_RAWDATA,LineId1,-1,-1;DirNum0 "DirNum0" true true false 10 Long 0 10,First,#,2019_1201_ALLROUTES_NAD1983_RAWDATA,DirNum0,-1,-1;DirNum1 "DirNum1" true true false 10 Long 0 10,First,#,2019_1201_ALLROUTES_NAD1983_RAWDATA,DirNum1,-1,-1;LineDirId0 "LineDirId0" true true false 10 Long 0 10,First,#,2019_1201_ALLROUTES_NAD1983_RAWDATA,LineDirId0,-1,-1;LineDirId1 "LineDirId1" true true false 10 Long 0 10,First,#,2019_1201_ALLROUTES_NAD1983_RAWDATA,LineDirId1,-1,-1;AgencyId0 "AgencyId0" true true false 10 Long 0 10,First,#,2019_1201_ALLROUTES_NAD1983_RAWDATA,AgencyId0,-1,-1;AgencyId1 "AgencyId1" true true false 10 Long 0 10,First,#,2019_1201_ALLROUTES_NAD1983_RAWDATA,AgencyId1,-1,-1;tpField180 "tpField180" true true false 10 Long 0 10,First,#,2019_1201_ALLROUTES_NAD1983_RAWDATA,tpField180,-1,-1;tpField181 "tpField181" true true false 10 Long 0 10,First,#,2019_1201_ALLROUTES_NAD1983_RAWDATA,tpField181,-1,-1;tpField190 "tpField190" true true false 15 Text 0 0,First,#,2019_1201_ALLROUTES_NAD1983_RAWDATA,tpField190,0,15;tpField191 "tpField191" true true false 15 Text 0 0,First,#,2019_1201_ALLROUTES_NAD1983_RAWDATA,tpField191,0,15;UserD10 "UserD10" true true false 19 Double 0 0,First,#,2019_1201_ALLROUTES_NAD1983_RAWDATA,UserD10,-1,-1;UserD11 "UserD11" true true false 19 Double 0 0,First,#,2019_1201_ALLROUTES_NAD1983_RAWDATA,UserD11,-1,-1;UserD20 "UserD20" true true false 19 Double 0 0,First,#,2019_1201_ALLROUTES_NAD1983_RAWDATA,UserD20,-1,-1;UserD21 "UserD21" true true false 19 Double 0 0,First,#,2019_1201_ALLROUTES_NAD1983_RAWDATA,UserD21,-1,-1;UserL10 "UserL10" true true false 10 Long 0 10,First,#,2019_1201_ALLROUTES_NAD1983_RAWDATA,UserL10,-1,-1;UserL11 "UserL11" true true false 10 Long 0 10,First,#,2019_1201_ALLROUTES_NAD1983_RAWDATA,UserL11,-1,-1;UserL20 "UserL20" true true false 10 Long 0 10,First,#,2019_1201_ALLROUTES_NAD1983_RAWDATA,UserL20,-1,-1;UserL21 "UserL21" true true false 10 Long 0 10,First,#,2019_1201_ALLROUTES_NAD1983_RAWDATA,UserL21,-1,-1;UserL30 "UserL30" true true false 10 Long 0 10,First,#,2019_1201_ALLROUTES_NAD1983_RAWDATA,UserL30,-1,-1;UserL31 "UserL31" true true false 10 Long 0 10,First,#,2019_1201_ALLROUTES_NAD1983_RAWDATA,UserL31,-1,-1;UserL40 "UserL40" true true false 10 Long 0 10,First,#,2019_1201_ALLROUTES_NAD1983_RAWDATA,UserL40,-1,-1;UserL41 "UserL41" true true false 10 Long 0 10,First,#,2019_1201_ALLROUTES_NAD1983_RAWDATA,UserL41,-1,-1;UserS10 "UserS10" true true false 10 Long 0 10,First,#,2019_1201_ALLROUTES_NAD1983_RAWDATA,UserS10,-1,-1;UserS11 "UserS11" true true false 10 Long 0 10,First,#,2019_1201_ALLROUTES_NAD1983_RAWDATA,UserS11,-1,-1;UserS20 "UserS20" true true false 10 Long 0 10,First,#,2019_1201_ALLROUTES_NAD1983_RAWDATA,UserS20,-1,-1;UserS21 "UserS21" true true false 10 Long 0 10,First,#,2019_1201_ALLROUTES_NAD1983_RAWDATA,UserS21,-1,-1;UserS30 "UserS30" true true false 10 Long 0 10,First,#,2019_1201_ALLROUTES_NAD1983_RAWDATA,UserS30,-1,-1;UserS31 "UserS31" true true false 10 Long 0 10,First,#,2019_1201_ALLROUTES_NAD1983_RAWDATA,UserS31,-1,-1;UserS40 "UserS40" true true false 10 Long 0 10,First,#,2019_1201_ALLROUTES_NAD1983_RAWDATA,UserS40,-1,-1;UserS41 "UserS41" true true false 10 Long 0 10,First,#,2019_1201_ALLROUTES_NAD1983_RAWDATA,UserS41,-1,-1;UserA10 "UserA10" true true false 254 Text 0 0,First,#,2019_1201_ALLROUTES_NAD1983_RAWDATA,UserA10,0,254;UserA11 "UserA11" true true false 254 Text 0 0,First,#,2019_1201_ALLROUTES_NAD1983_RAWDATA,UserA11,0,254;UserA20 "UserA20" true true false 254 Text 0 0,First,#,2019_1201_ALLROUTES_NAD1983_RAWDATA,UserA20,0,254;UserA21 "UserA21" true true false 254 Text 0 0,First,#,2019_1201_ALLROUTES_NAD1983_RAWDATA,UserA21,0,254;UserA30 "UserA30" true true false 254 Text 0 0,First,#,2019_1201_ALLROUTES_NAD1983_RAWDATA,UserA30,0,254;UserA31 "UserA31" true true false 254 Text 0 0,First,#,2019_1201_ALLROUTES_NAD1983_RAWDATA,UserA31,0,254;UserA40 "UserA40" true true false 254 Text 0 0,First,#,2019_1201_ALLROUTES_NAD1983_RAWDATA,UserA40,0,254;UserA41 "UserA41" true true false 254 Text 0 0,First,#,2019_1201_ALLROUTES_NAD1983_RAWDATA,UserA41,0,254;tpField200 "tpField200" true true false 10 Long 0 10,First,#,2019_1201_ALLROUTES_NAD1983_RAWDATA,tpField200,-1,-1;tpField201 "tpField201" true true false 10 Long 0 10,First,#,2019_1201_ALLROUTES_NAD1983_RAWDATA,tpField201,-1,-1;Sections0 "Sections0" true true false 10 Long 0 10,First,#,2019_1201_ALLROUTES_NAD1983_RAWDATA,Sections0,-1,-1;Sections1 "Sections1" true true false 10 Long 0 10,First,#,2019_1201_ALLROUTES_NAD1983_RAWDATA,Sections1,-1,-1;tpField210 "tpField210" true true false 10 Long 0 10,First,#,2019_1201_ALLROUTES_NAD1983_RAWDATA,tpField210,-1,-1;tpField211 "tpField211" true true false 10 Long 0 10,First,#,2019_1201_ALLROUTES_NAD1983_RAWDATA,tpField211,-1,-1;tpField220 "tpField220" true true false 10 Long 0 10,First,#,2019_1201_ALLROUTES_NAD1983_RAWDATA,tpField220,-1,-1;tpField221 "tpField221" true true false 10 Long 0 10,First,#,2019_1201_ALLROUTES_NAD1983_RAWDATA,tpField221,-1,-1" #</Process><Process ToolSource="c:\program files\arcgis\pro\Resources\ArcToolbox\toolboxes\Conversion Tools.tbx\FeatureClassToFeatureClass" Date="20191121" Time="140121">FeatureClassToFeatureClass 2019_1201_ALLROUTES_NAD1983_RAWDATA "\\arcgis\gis data\Routes\Routepatterns\TRAPEZE_ROUTES\2019_12_DEC\NAD1983_Zone12" 2019_1201_ALLROUTES.shp # "LineColor "LineColor" true true false 10 Long 0 10,First,#,2019_1201_ALLROUTES_NAD1983_RAWDATA,LineColor,-1,-1;LineId "LineId" true true false 10 Long 0 10,First,#,2019_1201_ALLROUTES_NAD1983_RAWDATA,LineId,-1,-1;AgencyId "AgencyId" true true false 10 Long 0 10,First,#,2019_1201_ALLROUTES_NAD1983_RAWDATA,AgencyId,-1,-1;tpField00 "tpField00" true true false 10 Long 0 10,First,#,2019_1201_ALLROUTES_NAD1983_RAWDATA,tpField00,-1,-1;LineAbbr "LineAbbr" true true false 7 Text 0 0,First,#,2019_1201_ALLROUTES_NAD1983_RAWDATA,LineAbbr,0,7;LineName "LineName" true true false 75 Text 0 0,First,#,2019_1201_ALLROUTES_NAD1983_RAWDATA,LineName,0,75;LineType "LineType" true true false 2 Text 0 0,First,#,2019_1201_ALLROUTES_NAD1983_RAWDATA,LineType,0,2;tpField01 "tpField01" true true false 7 Text 0 0,First,#,2019_1201_ALLROUTES_NAD1983_RAWDATA,tpField01,0,7;tpField02 "tpField02" true true false 10 Long 0 10,First,#,2019_1201_ALLROUTES_NAD1983_RAWDATA,tpField02,-1,-1;CommentId "CommentId" true true false 10 Long 0 10,First,#,2019_1201_ALLROUTES_NAD1983_RAWDATA,CommentId,-1,-1;tpField03 "tpField03" true true false 10 Long 0 10,First,#,2019_1201_ALLROUTES_NAD1983_RAWDATA,tpField03,-1,-1;tpField04 "tpField04" true true false 10 Long 0 10,First,#,2019_1201_ALLROUTES_NAD1983_RAWDATA,tpField04,-1,-1;UserD1 "UserD1" true true false 19 Double 0 0,First,#,2019_1201_ALLROUTES_NAD1983_RAWDATA,UserD1,-1,-1;UserD2 "UserD2" true true false 19 Double 0 0,First,#,2019_1201_ALLROUTES_NAD1983_RAWDATA,UserD2,-1,-1;UserL1 "UserL1" true true false 10 Long 0 10,First,#,2019_1201_ALLROUTES_NAD1983_RAWDATA,UserL1,-1,-1;UserL2 "UserL2" true true false 10 Long 0 10,First,#,2019_1201_ALLROUTES_NAD1983_RAWDATA,UserL2,-1,-1;UserL3 "UserL3" true true false 10 Long 0 10,First,#,2019_1201_ALLROUTES_NAD1983_RAWDATA,UserL3,-1,-1;UserL4 "UserL4" true true false 10 Long 0 10,First,#,2019_1201_ALLROUTES_NAD1983_RAWDATA,UserL4,-1,-1;UserL5 "UserL5" true true false 10 Long 0 10,First,#,2019_1201_ALLROUTES_NAD1983_RAWDATA,UserL5,-1,-1;UserL6 "UserL6" true true false 10 Long 0 10,First,#,2019_1201_ALLROUTES_NAD1983_RAWDATA,UserL6,-1,-1;UserL7 "UserL7" true true false 10 Long 0 10,First,#,2019_1201_ALLROUTES_NAD1983_RAWDATA,UserL7,-1,-1;UserL8 "UserL8" true true false 10 Long 0 10,First,#,2019_1201_ALLROUTES_NAD1983_RAWDATA,UserL8,-1,-1;tpField05 "tpField05" true true false 10 Long 0 10,First,#,2019_1201_ALLROUTES_NAD1983_RAWDATA,tpField05,-1,-1;UserS2 "UserS2" true true false 10 Long 0 10,First,#,2019_1201_ALLROUTES_NAD1983_RAWDATA,UserS2,-1,-1;UserS3 "UserS3" true true false 10 Long 0 10,First,#,2019_1201_ALLROUTES_NAD1983_RAWDATA,UserS3,-1,-1;UserS4 "UserS4" true true false 10 Long 0 10,First,#,2019_1201_ALLROUTES_NAD1983_RAWDATA,UserS4,-1,-1;UserS5 "UserS5" true true false 10 Long 0 10,First,#,2019_1201_ALLROUTES_NAD1983_RAWDATA,UserS5,-1,-1;UserS6 "UserS6" true true false 10 Long 0 10,First,#,2019_1201_ALLROUTES_NAD1983_RAWDATA,UserS6,-1,-1;UserS7 "UserS7" true true false 10 Long 0 10,First,#,2019_1201_ALLROUTES_NAD1983_RAWDATA,UserS7,-1,-1;UserS8 "UserS8" true true false 10 Long 0 10,First,#,2019_1201_ALLROUTES_NAD1983_RAWDATA,UserS8,-1,-1;UserA1 "UserA1" true true false 254 Text 0 0,First,#,2019_1201_ALLROUTES_NAD1983_RAWDATA,UserA1,0,254;tpField06 "tpField06" true true false 254 Text 0 0,First,#,2019_1201_ALLROUTES_NAD1983_RAWDATA,tpField06,0,254;tpField07 "tpField07" true true false 254 Text 0 0,First,#,2019_1201_ALLROUTES_NAD1983_RAWDATA,tpField07,0,254;Frequency "Frequency" true true false 254 Text 0 0,First,#,2019_1201_ALLROUTES_NAD1983_RAWDATA,Frequency,0,254;RouteType "RouteType" true true false 254 Text 0 0,First,#,2019_1201_ALLROUTES_NAD1983_RAWDATA,RouteType,0,254;tpField08 "tpField08" true true false 254 Text 0 0,First,#,2019_1201_ALLROUTES_NAD1983_RAWDATA,tpField08,0,254;tpField09 "tpField09" true true false 254 Text 0 0,First,#,2019_1201_ALLROUTES_NAD1983_RAWDATA,tpField09,0,254;UserA8 "UserA8" true true false 254 Text 0 0,First,#,2019_1201_ALLROUTES_NAD1983_RAWDATA,UserA8,0,254;tpField10 "tpField10" true true false 10 Long 0 10,First,#,2019_1201_ALLROUTES_NAD1983_RAWDATA,tpField10,-1,-1;tpField11 "tpField11" true true false 10 Long 0 10,First,#,2019_1201_ALLROUTES_NAD1983_RAWDATA,tpField11,-1,-1;NumTrips "NumTrips" true true false 10 Long 0 10,First,#,2019_1201_ALLROUTES_NAD1983_RAWDATA,NumTrips,-1,-1;tpField12 "tpField12" true true false 10 Long 0 10,First,#,2019_1201_ALLROUTES_NAD1983_RAWDATA,tpField12,-1,-1;tpField13 "tpField13" true true false 8 Text 0 0,First,#,2019_1201_ALLROUTES_NAD1983_RAWDATA,tpField13,0,8;tpField14 "tpField14" true true false 15 Text 0 0,First,#,2019_1201_ALLROUTES_NAD1983_RAWDATA,tpField14,0,15;RevenueNo "RevenueNo" true true false 10 Text 0 0,First,#,2019_1201_ALLROUTES_NAD1983_RAWDATA,RevenueNo,0,10;tpField15 "tpField15" true true false 10 Long 0 10,First,#,2019_1201_ALLROUTES_NAD1983_RAWDATA,tpField15,-1,-1;IsShuttle "IsShuttle" true true false 10 Long 0 10,First,#,2019_1201_ALLROUTES_NAD1983_RAWDATA,IsShuttle,-1,-1;tpField16 "tpField16" true true false 10 Long 0 10,First,#,2019_1201_ALLROUTES_NAD1983_RAWDATA,tpField16,-1,-1;tpField17 "tpField17" true true false 16 Text 0 0,First,#,2019_1201_ALLROUTES_NAD1983_RAWDATA,tpField17,0,16;AVLExport "AVLExport" true true false 10 Long 0 10,First,#,2019_1201_ALLROUTES_NAD1983_RAWDATA,AVLExport,-1,-1;UserLS1 "UserLS1" true true false 254 Text 0 0,First,#,2019_1201_ALLROUTES_NAD1983_RAWDATA,UserLS1,0,254;UserLS2 "UserLS2" true true false 254 Text 0 0,First,#,2019_1201_ALLROUTES_NAD1983_RAWDATA,UserLS2,0,254;UserLS3 "UserLS3" true true false 254 Text 0 0,First,#,2019_1201_ALLROUTES_NAD1983_RAWDATA,UserLS3,0,254;UserLS4 "UserLS4" true true false 254 Text 0 0,First,#,2019_1201_ALLROUTES_NAD1983_RAWDATA,UserLS4,0,254;UserLS5 "UserLS5" true true false 254 Text 0 0,First,#,2019_1201_ALLROUTES_NAD1983_RAWDATA,UserLS5,0,254;LineId0 "LineId0" true true false 10 Long 0 10,First,#,2019_1201_ALLROUTES_NAD1983_RAWDATA,LineId0,-1,-1;LineId1 "LineId1" true true false 10 Long 0 10,First,#,2019_1201_ALLROUTES_NAD1983_RAWDATA,LineId1,-1,-1;DirNum0 "DirNum0" true true false 10 Long 0 10,First,#,2019_1201_ALLROUTES_NAD1983_RAWDATA,DirNum0,-1,-1;DirNum1 "DirNum1" true true false 10 Long 0 10,First,#,2019_1201_ALLROUTES_NAD1983_RAWDATA,DirNum1,-1,-1;LineDirId0 "LineDirId0" true true false 10 Long 0 10,First,#,2019_1201_ALLROUTES_NAD1983_RAWDATA,LineDirId0,-1,-1;LineDirId1 "LineDirId1" true true false 10 Long 0 10,First,#,2019_1201_ALLROUTES_NAD1983_RAWDATA,LineDirId1,-1,-1;AgencyId0 "AgencyId0" true true false 10 Long 0 10,First,#,2019_1201_ALLROUTES_NAD1983_RAWDATA,AgencyId0,-1,-1;AgencyId1 "AgencyId1" true true false 10 Long 0 10,First,#,2019_1201_ALLROUTES_NAD1983_RAWDATA,AgencyId1,-1,-1;tpField180 "tpField180" true true false 10 Long 0 10,First,#,2019_1201_ALLROUTES_NAD1983_RAWDATA,tpField180,-1,-1;tpField181 "tpField181" true true false 10 Long 0 10,First,#,2019_1201_ALLROUTES_NAD1983_RAWDATA,tpField181,-1,-1;tpField190 "tpField190" true true false 15 Text 0 0,First,#,2019_1201_ALLROUTES_NAD1983_RAWDATA,tpField190,0,15;tpField191 "tpField191" true true false 15 Text 0 0,First,#,2019_1201_ALLROUTES_NAD1983_RAWDATA,tpField191,0,15;UserD10 "UserD10" true true false 19 Double 0 0,First,#,2019_1201_ALLROUTES_NAD1983_RAWDATA,UserD10,-1,-1;UserD11 "UserD11" true true false 19 Double 0 0,First,#,2019_1201_ALLROUTES_NAD1983_RAWDATA,UserD11,-1,-1;UserD20 "UserD20" true true false 19 Double 0 0,First,#,2019_1201_ALLROUTES_NAD1983_RAWDATA,UserD20,-1,-1;UserD21 "UserD21" true true false 19 Double 0 0,First,#,2019_1201_ALLROUTES_NAD1983_RAWDATA,UserD21,-1,-1;UserL10 "UserL10" true true false 10 Long 0 10,First,#,2019_1201_ALLROUTES_NAD1983_RAWDATA,UserL10,-1,-1;UserL11 "UserL11" true true false 10 Long 0 10,First,#,2019_1201_ALLROUTES_NAD1983_RAWDATA,UserL11,-1,-1;UserL20 "UserL20" true true false 10 Long 0 10,First,#,2019_1201_ALLROUTES_NAD1983_RAWDATA,UserL20,-1,-1;UserL21 "UserL21" true true false 10 Long 0 10,First,#,2019_1201_ALLROUTES_NAD1983_RAWDATA,UserL21,-1,-1;UserL30 "UserL30" true true false 10 Long 0 10,First,#,2019_1201_ALLROUTES_NAD1983_RAWDATA,UserL30,-1,-1;UserL31 "UserL31" true true false 10 Long 0 10,First,#,2019_1201_ALLROUTES_NAD1983_RAWDATA,UserL31,-1,-1;UserL40 "UserL40" true true false 10 Long 0 10,First,#,2019_1201_ALLROUTES_NAD1983_RAWDATA,UserL40,-1,-1;UserL41 "UserL41" true true false 10 Long 0 10,First,#,2019_1201_ALLROUTES_NAD1983_RAWDATA,UserL41,-1,-1;UserS10 "UserS10" true true false 10 Long 0 10,First,#,2019_1201_ALLROUTES_NAD1983_RAWDATA,UserS10,-1,-1;UserS11 "UserS11" true true false 10 Long 0 10,First,#,2019_1201_ALLROUTES_NAD1983_RAWDATA,UserS11,-1,-1;UserS20 "UserS20" true true false 10 Long 0 10,First,#,2019_1201_ALLROUTES_NAD1983_RAWDATA,UserS20,-1,-1;UserS21 "UserS21" true true false 10 Long 0 10,First,#,2019_1201_ALLROUTES_NAD1983_RAWDATA,UserS21,-1,-1;UserS30 "UserS30" true true false 10 Long 0 10,First,#,2019_1201_ALLROUTES_NAD1983_RAWDATA,UserS30,-1,-1;UserS31 "UserS31" true true false 10 Long 0 10,First,#,2019_1201_ALLROUTES_NAD1983_RAWDATA,UserS31,-1,-1;UserS40 "UserS40" true true false 10 Long 0 10,First,#,2019_1201_ALLROUTES_NAD1983_RAWDATA,UserS40,-1,-1;UserS41 "UserS41" true true false 10 Long 0 10,First,#,2019_1201_ALLROUTES_NAD1983_RAWDATA,UserS41,-1,-1;UserA10 "UserA10" true true false 254 Text 0 0,First,#,2019_1201_ALLROUTES_NAD1983_RAWDATA,UserA10,0,254;UserA11 "UserA11" true true false 254 Text 0 0,First,#,2019_1201_ALLROUTES_NAD1983_RAWDATA,UserA11,0,254;UserA20 "UserA20" true true false 254 Text 0 0,First,#,2019_1201_ALLROUTES_NAD1983_RAWDATA,UserA20,0,254;UserA21 "UserA21" true true false 254 Text 0 0,First,#,2019_1201_ALLROUTES_NAD1983_RAWDATA,UserA21,0,254;UserA30 "UserA30" true true false 254 Text 0 0,First,#,2019_1201_ALLROUTES_NAD1983_RAWDATA,UserA30,0,254;UserA31 "UserA31" true true false 254 Text 0 0,First,#,2019_1201_ALLROUTES_NAD1983_RAWDATA,UserA31,0,254;UserA40 "UserA40" true true false 254 Text 0 0,First,#,2019_1201_ALLROUTES_NAD1983_RAWDATA,UserA40,0,254;UserA41 "UserA41" true true false 254 Text 0 0,First,#,2019_1201_ALLROUTES_NAD1983_RAWDATA,UserA41,0,254;tpField200 "tpField200" true true false 10 Long 0 10,First,#,2019_1201_ALLROUTES_NAD1983_RAWDATA,tpField200,-1,-1;tpField201 "tpField201" true true false 10 Long 0 10,First,#,2019_1201_ALLROUTES_NAD1983_RAWDATA,tpField201,-1,-1;Sections0 "Sections0" true true false 10 Long 0 10,First,#,2019_1201_ALLROUTES_NAD1983_RAWDATA,Sections0,-1,-1;Sections1 "Sections1" true true false 10 Long 0 10,First,#,2019_1201_ALLROUTES_NAD1983_RAWDATA,Sections1,-1,-1;tpField210 "tpField210" true true false 10 Long 0 10,First,#,2019_1201_ALLROUTES_NAD1983_RAWDATA,tpField210,-1,-1;tpField211 "tpField211" true true false 10 Long 0 10,First,#,2019_1201_ALLROUTES_NAD1983_RAWDATA,tpField211,-1,-1;tpField220 "tpField220" true true false 10 Long 0 10,First,#,2019_1201_ALLROUTES_NAD1983_RAWDATA,tpField220,-1,-1;tpField221 "tpField221" true true false 10 Long 0 10,First,#,2019_1201_ALLROUTES_NAD1983_RAWDATA,tpField221,-1,-1" #</Process><Process ToolSource="c:\program files\arcgis\pro\Resources\ArcToolbox\toolboxes\Data Management Tools.tbx\DeleteField" Date="20191121" Time="140524">DeleteField 2019_1201_ALLROUTES LineId</Process><Process ToolSource="c:\program files\arcgis\pro\Resources\ArcToolbox\toolboxes\Data Management Tools.tbx\DeleteField" Date="20191121" Time="140542">DeleteField 2019_1201_ALLROUTES AgencyId;LineColor;tpField00</Process><Process ToolSource="c:\program files\arcgis\pro\Resources\ArcToolbox\toolboxes\Data Management Tools.tbx\DeleteField" Date="20191121" Time="140618">DeleteField 2019_1201_ALLROUTES LineType;tpField01;tpField02;CommentId;tpField03;tpField04;UserD2;UserL1;UserL2;UserL3;UserL4;UserL5;UserL6;UserL7;UserL8;UserD1;tpField05;UserS2;UserS3;UserS4;UserS5;UserS6;UserS7;UserS8;UserA1;tpField06;tpField07</Process><Process ToolSource="c:\program files\arcgis\pro\Resources\ArcToolbox\toolboxes\Data Management Tools.tbx\DeleteField" Date="20191121" Time="140747">DeleteField 2019_1201_ALLROUTES RouteType;tpField08;tpField09;UserA8;tpField10;tpField11;NumTrips;tpField12;tpField13;tpField14;RevenueNo;tpField15;IsShuttle;tpField16;tpField17;AVLExport;UserLS1;UserLS2;UserLS3;UserLS4;UserLS5;LineId0;LineId1;DirNum0;DirNum1;LineDirId0;LineDirId1;AgencyId0;AgencyId1;tpField180;tpField181;tpField190;tpField191;UserD11;UserD20;UserD21</Process><Process ToolSource="c:\program files\arcgis\pro\Resources\ArcToolbox\toolboxes\Data Management Tools.tbx\DeleteField" Date="20191121" Time="140829">DeleteField 2019_1201_ALLROUTES UserL10;UserL11;UserL20;UserL21;UserL30;UserL31;UserL40;UserL41;UserS10;UserS11;UserS20;UserS21;UserS30;UserS31;UserS40;UserD10;UserS41;UserA10;UserA11;UserA20;UserA21;UserA30;UserA31;UserA40;UserA41;tpField200;tpField201;Sections0;Sections1;tpField210;tpField211;tpField220;tpField221</Process><Process ToolSource="c:\program files\arcgis\pro\Resources\ArcToolbox\toolboxes\Data Management Tools.tbx\UpdateSchema" Date="20191210" Time="112408">UpdateSchema "CIMDATA=&lt;CIMStandardDataConnection xsi:type='typens:CIMStandardDataConnection' xmlns:xsi='http://www.w3.org/2001/XMLSchema-instance' xmlns:xs='http://www.w3.org/2001/XMLSchema' xmlns:typens='http://www.esri.com/schemas/ArcGIS/2.4.0'&gt;&lt;WorkspaceConnectionString&gt;DATABASE=\\arcgis\gis data\Routes\Routepatterns\TRAPEZE_ROUTES\2019_12_DEC\NAD1983_Zone12&lt;/WorkspaceConnectionString&gt;&lt;WorkspaceFactory&gt;Shapefile&lt;/WorkspaceFactory&gt;&lt;Dataset&gt;2019_1201_ALLROUTES&lt;/Dataset&gt;&lt;DatasetType&gt;esriDTFeatureClass&lt;/DatasetType&gt;&lt;/CIMStandardDataConnection&gt;" &lt;operationSequence&gt;&lt;workflow&gt;&lt;AddField&gt;&lt;field_name&gt;Field&lt;/field_name&gt;&lt;field_type&gt;LONG&lt;/field_type&gt;&lt;field_is_nullable&gt;False&lt;/field_is_nullable&gt;&lt;field_is_required&gt;False&lt;/field_is_required&gt;&lt;/AddField&gt;&lt;/workflow&gt;&lt;workflow&gt;&lt;AddField&gt;&lt;field_name&gt;City_1&lt;/field_name&gt;&lt;field_type&gt;TEXT&lt;/field_type&gt;&lt;field_length&gt;255&lt;/field_length&gt;&lt;field_is_nullable&gt;False&lt;/field_is_nullable&gt;&lt;field_is_required&gt;False&lt;/field_is_required&gt;&lt;/AddField&gt;&lt;/workflow&gt;&lt;workflow&gt;&lt;AddField&gt;&lt;field_name&gt;County&lt;/field_name&gt;&lt;field_type&gt;TEXT&lt;/field_type&gt;&lt;field_length&gt;255&lt;/field_length&gt;&lt;field_is_nullable&gt;False&lt;/field_is_nullable&gt;&lt;field_is_required&gt;False&lt;/field_is_required&gt;&lt;/AddField&gt;&lt;/workflow&gt;&lt;/operationSequence&gt;</Process><Process ToolSource="c:\program files\arcgis\pro\Resources\ArcToolbox\toolboxes\Data Management Tools.tbx\DeleteField" Date="20191210" Time="112420">DeleteField 2019_1201_ALLROUTES Field</Process><Process ToolSource="c:\program files\arcgis\pro\Resources\ArcToolbox\Toolboxes\Data Management Tools.tbx\UpdateSchema" Date="20200317" Time="122809">UpdateSchema "CIMDATA=&lt;CIMStandardDataConnection xsi:type='typens:CIMStandardDataConnection' xmlns:xsi='http://www.w3.org/2001/XMLSchema-instance' xmlns:xs='http://www.w3.org/2001/XMLSchema' xmlns:typens='http://www.esri.com/schemas/ArcGIS/2.4.0'&gt;&lt;WorkspaceConnectionString&gt;DATABASE=K:\Routes\Routepatterns\TRAPEZE_ROUTES\2019_12_DEC\NAD1983_Zone12&lt;/WorkspaceConnectionString&gt;&lt;WorkspaceFactory&gt;Shapefile&lt;/WorkspaceFactory&gt;&lt;Dataset&gt;2019_1201_ALLROUTES.shp&lt;/Dataset&gt;&lt;DatasetType&gt;esriDTFeatureClass&lt;/DatasetType&gt;&lt;/CIMStandardDataConnection&gt;" &lt;operationSequence&gt;&lt;workflow&gt;&lt;AddField&gt;&lt;field_name&gt;Saturday&lt;/field_name&gt;&lt;field_type&gt;TEXT&lt;/field_type&gt;&lt;field_precision&gt;0&lt;/field_precision&gt;&lt;field_scale&gt;0&lt;/field_scale&gt;&lt;field_length&gt;255&lt;/field_length&gt;&lt;field_is_nullable&gt;False&lt;/field_is_nullable&gt;&lt;field_is_required&gt;False&lt;/field_is_required&gt;&lt;/AddField&gt;&lt;/workflow&gt;&lt;/operationSequence&gt;</Process><Process ToolSource="c:\program files\arcgis\pro\Resources\ArcToolbox\toolboxes\Data Management Tools.tbx\Rename" Date="20221111" Time="152103">Rename "\\osiris\GIS Data\Routes\Routepatterns\TRAPEZE_ROUTES\2019_12_DEC\NAD1983_Zone12\2019_1201_ALLROUTES.shp" "\\osiris\GIS Data\Routes\Routepatterns\TRAPEZE_ROUTES\2019_12_DEC\NAD1983_Zone12\2019_1201_ALLROUTES_NAD1983.shp" ShapeFile</Process><Process ToolSource="c:\program files\arcgis\pro\Resources\ArcToolbox\toolboxes\Data Management Tools.tbx\Copy" Date="20221111" Time="152134">Copy "\\osiris\GIS Data\Routes\Routepatterns\TRAPEZE_ROUTES\2019_12_DEC\NAD1983_Zone12\2019_1201_ALLROUTES_NAD1983.shp" C:\Users\sellis\Desktop\DELETELATER\UTA_ROUTES_2017_TO_PRESENT\2019_1201_ALLROUTES_NAD1983.shp Shapefile #</Process><Process ToolSource="c:\program files\arcgis\pro\Resources\ArcToolbox\toolboxes\Data Management Tools.tbx\DeleteField" Date="20221111" Time="153621">DeleteField 2019_1201_ALLROUTES_NAD1983 Saturday "Delete Fields"</Process></lineage><itemProps><itemLocation><linkage Sync="TRUE">file://\\L30094\C$\Users\sellis\Desktop\DELETELATER\UTA_ROUTES_2017_TO_PRESENT\2019_1201_ALLROUTES_NAD1983</linkage><protocol Sync="TRUE">Local Area Network</protocol></itemLocation><itemName Sync="TRUE">2019_1201_ALLROUTES</itemName><imsContentType Sync="TRUE">002</imsContentType><itemSize Sync="TRUE">1.967</itemSize><nativeExtBox><westBL Sync="TRUE">374976.894991</westBL><eastBL Sync="TRUE">454103.733079</eastBL><southBL Sync="TRUE">4425331.167122</southBL><northBL Sync="TRUE">4597904.241475</northBL><exTypeCode Sync="TRUE">1</exTypeCode></nativeExtBox></itemProps><copyHistory><copy source="\\osiris\GIS Data\Routes\Routepatterns\TRAPEZE_ROUTES\2019_12_DEC\NAD1983_Zone12\2019_1201_ALLROUTES_NAD1983" dest="\\L30094\C$\Users\sellis\Desktop\DELETELATER\UTA_ROUTES_2017_TO_PRESENT\2019_1201_ALLROUTES_NAD1983" date="20221111" time="15213400"></copy></copyHistory><coordRef><type Sync="TRUE">Projected</type><geogcsn Sync="TRUE">GCS_North_American_1983</geogcsn><csUnits Sync="TRUE">Linear Unit: Meter (1.000000)</csUnits><projcsn Sync="TRUE">NAD_1983_UTM_Zone_12N</projcsn><peXml Sync="TRUE">&lt;ProjectedCoordinateSystem xsi:type='typens:ProjectedCoordinateSystem' xmlns:xsi='http://www.w3.org/2001/XMLSchema-instance' xmlns:xs='http://www.w3.org/2001/XMLSchema' xmlns:typens='http://www.esri.com/schemas/ArcGIS/10.4'&gt;&lt;WKT&gt;PROJCS[&amp;quot;NAD_1983_UTM_Zone_12N&amp;quot;,GEOGCS[&amp;quot;GCS_North_American_1983&amp;quot;,DATUM[&amp;quot;D_North_American_1983&amp;quot;,SPHEROID[&amp;quot;GRS_1980&amp;quot;,6378137.0,298.257222101]],PRIMEM[&amp;quot;Greenwich&amp;quot;,0.0],UNIT[&amp;quot;Degree&amp;quot;,0.0174532925199433]],PROJECTION[&amp;quot;Transverse_Mercator&amp;quot;],PARAMETER[&amp;quot;False_Easting&amp;quot;,500000.0],PARAMETER[&amp;quot;False_Northing&amp;quot;,0.0],PARAMETER[&amp;quot;Central_Meridian&amp;quot;,-111.0],PARAMETER[&amp;quot;Scale_Factor&amp;quot;,0.9996],PARAMETER[&amp;quot;Latitude_Of_Origin&amp;quot;,0.0],UNIT[&amp;quot;Meter&amp;quot;,1.0],AUTHORITY[&amp;quot;EPSG&amp;quot;,26912]]&lt;/WKT&gt;&lt;XOrigin&gt;-5120900&lt;/XOrigin&gt;&lt;YOrigin&gt;-9998100&lt;/YOrigin&gt;&lt;XYScale&gt;450445547.3910538&lt;/XYScale&gt;&lt;ZOrigin&gt;-100000&lt;/ZOrigin&gt;&lt;ZScale&gt;10000&lt;/ZScale&gt;&lt;MOrigin&gt;-100000&lt;/MOrigin&gt;&lt;MScale&gt;10000&lt;/MScale&gt;&lt;XYTolerance&gt;0.001&lt;/XYTolerance&gt;&lt;ZTolerance&gt;0.001&lt;/ZTolerance&gt;&lt;MTolerance&gt;0.001&lt;/MTolerance&gt;&lt;HighPrecision&gt;true&lt;/HighPrecision&gt;&lt;WKID&gt;26912&lt;/WKID&gt;&lt;LatestWKID&gt;26912&lt;/LatestWKID&gt;&lt;/ProjectedCoordinateSystem&gt;</peXml></coordRef></DataProperties><SyncDate>20200207</SyncDate><SyncTime>12130700</SyncTime><ModDate>20200207</ModDate><ModTime>12130700</ModTime></Esri><dataIdInfo><envirDesc Sync="TRUE"> Version 6.2 (Build 9200) ; Esri ArcGIS 10.4.1.5686</envirDesc><dataLang><languageCode value="eng" Sync="TRUE"></languageCode><countryCode value="USA" Sync="TRUE"></countryCode></dataLang><idCitation><resTitle Sync="TRUE">2019_1201_ALLROUTES</resTitle><presForm><PresFormCd value="005" Sync="TRUE"></PresFormCd></presForm></idCitation><spatRpType><SpatRepTypCd value="001" Sync="TRUE"></SpatRepTypCd></spatRpType><dataExt><geoEle><GeoBndBox esriExtentType="search"><exTypeCode Sync="TRUE">1</exTypeCode><westBL Sync="TRUE">-112.498460</westBL><eastBL Sync="TRUE">-111.537498</eastBL><northBL Sync="TRUE">41.531471</northBL><southBL Sync="TRUE">39.968896</southBL></GeoBndBox></geoEle></dataExt></dataIdInfo><mdLang><languageCode value="eng" Sync="TRUE"></languageCode><countryCode value="USA" Sync="TRUE"></countryCode></mdLang><mdChar><CharSetCd value="004" Sync="TRUE"></CharSetCd></mdChar><distInfo><distFormat><formatName Sync="TRUE">Shapefile</formatName></distFormat><distTranOps><transSize Sync="TRUE">1.967</transSize></distTranOps></distInfo><mdHrLv><ScopeCd value="005" Sync="TRUE"></ScopeCd></mdHrLv><mdHrLvName Sync="TRUE">dataset</mdHrLvName><refSysInfo><RefSystem><refSysID><identCode code="26912" Sync="TRUE"></identCode><idCodeSpace Sync="TRUE">EPSG</idCodeSpace><idVersion Sync="TRUE">6.13(3.0.1)</idVersion></refSysID></RefSystem></refSysInfo><spatRepInfo><VectSpatRep><geometObjs Name="2019_1201_ALLROUTES"><geoObjTyp><GeoObjTypCd value="002" Sync="TRUE"></GeoObjTypCd></geoObjTyp><geoObjCnt Sync="TRUE">123</geoObjCnt></geometObjs><topLvl><TopoLevCd value="001" Sync="TRUE"></TopoLevCd></topLvl></VectSpatRep></spatRepInfo><spdoinfo><ptvctinf><esriterm Name="2019_1201_ALLROUTES"><efeatyp Sync="TRUE">Simple</efeatyp><efeageom code="3" Sync="TRUE"></efeageom><esritopo Sync="TRUE">FALSE</esritopo><efeacnt Sync="TRUE">123</efeacnt><spindex Sync="TRUE">TRUE</spindex><linrefer Sync="TRUE">FALSE</linrefer></esriterm></ptvctinf></spdoinfo><eainfo><detailed Name="2019_1201_ALLROUTES"><enttyp><enttypl Sync="TRUE">2019_1201_ALLROUTES</enttypl><enttypt Sync="TRUE">Feature Class</enttypt><enttypc Sync="TRUE">123</enttypc></enttyp><attr><attrlabl Sync="TRUE">FID</attrlabl><attalias Sync="TRUE">FID</attalias><attrtype Sync="TRUE">OID</attrtype><attwidth Sync="TRUE">4</attwidth><atprecis Sync="TRUE">0</atprecis><attscale Sync="TRUE">0</attscale><attrdef Sync="TRUE">Internal feature number.</attrdef><attrdefs Sync="TRUE">Esri</attrdefs><attrdomv><udom Sync="TRUE">Sequential unique whole numbers that are automatically generated.</udom></attrdomv></attr><attr><attrlabl Sync="TRUE">Shape</attrlabl><attalias Sync="TRUE">Shape</attalias><attrtype Sync="TRUE">Geometry</attrtype><attwidth Sync="TRUE">0</attwidth><atprecis Sync="TRUE">0</atprecis><attscale Sync="TRUE">0</attscale><attrdef Sync="TRUE">Feature geometry.</attrdef><attrdefs Sync="TRUE">Esri</attrdefs><attrdomv><udom Sync="TRUE">Coordinates defining the features.</udom></attrdomv></attr><attr><attrlabl Sync="TRUE">LineAbbr</attrlabl><attalias Sync="TRUE">LineAbbr</attalias><attrtype Sync="TRUE">String</attrtype><attwidth Sync="TRUE">7</attwidth><atprecis Sync="TRUE">0</atprecis><attscale Sync="TRUE">0</attscale></attr><attr><attrlabl Sync="TRUE">LineName</attrlabl><attalias Sync="TRUE">LineName</attalias><attrtype Sync="TRUE">String</attrtype><attwidth Sync="TRUE">75</attwidth><atprecis Sync="TRUE">0</atprecis><attscale Sync="TRUE">0</attscale></attr><attr><attrlabl Sync="TRUE">Frequency</attrlabl><attalias Sync="TRUE">Frequency</attalias><attrtype Sync="TRUE">String</attrtype><attwidth Sync="TRUE">254</attwidth><atprecis Sync="TRUE">0</atprecis><attscale Sync="TRUE">0</attscale></attr><attr><attrlabl Sync="TRUE">City_1</attrlabl><attalias Sync="TRUE">City_1</attalias><attrtype Sync="TRUE">String</attrtype><attwidth Sync="TRUE">254</attwidth><atprecis Sync="TRUE">0</atprecis><attscale Sync="TRUE">0</attscale></attr><attr><attrlabl Sync="TRUE">County</attrlabl><attalias Sync="TRUE">County</attalias><attrtype Sync="TRUE">String</attrtype><attwidth Sync="TRUE">254</attwidth><atprecis Sync="TRUE">0</atprecis><attscale Sync="TRUE">0</attscale></attr></detailed></eainfo><mdDateSt Sync="TRUE">20200207</mdDateSt></metadata>
