<?xml version="1.0" encoding="UTF-8"?>
<metadata xml:lang="en"><Esri><CreaDate>20221111</CreaDate><CreaTime>15223200</CreaTime><ArcGISFormat>1.0</ArcGISFormat><ArcGISstyle>Item Description</ArcGISstyle><SyncOnce>FALSE</SyncOnce><DataProperties><lineage><Process ToolSource="c:\program files (x86)\arcgis\desktop10.4\ArcToolbox\Toolboxes\Data Management Tools.tbx\Project" Date="20200207" Time="105145">Project H:\TrapezeRoutes\0420_route.shp H:\TrapezeRoutes\c0420_route_Project.shp GEOGCS['GCS_WGS_1984',DATUM['D_WGS_1984',SPHEROID['WGS_1984',6378137.0,298.257223563]],PRIMEM['Greenwich',0.0],UNIT['Degree',0.0174532925199433]] # GEOGCS['GCS_WGS_1984',DATUM['D_WGS_1984',SPHEROID['WGS_1984',6378137.0,298.257223563]],PRIMEM['Greenwich',0.0],UNIT['Degree',0.0174532925199433]] NO_PRESERVE_SHAPE # NO_VERTICAL</Process><Process ToolSource="c:\program files (x86)\arcgis\desktop10.4\ArcToolbox\Toolboxes\Data Management Tools.tbx\Project" Date="20200207" Time="105228">Project H:\TrapezeRoutes\c0420_route_Project.shp H:\TrapezeRoutes\c0420_route_Project_NAD.shp PROJCS['NAD_1983_UTM_Zone_12N',GEOGCS['GCS_North_American_1983',DATUM['D_North_American_1983',SPHEROID['GRS_1980',6378137.0,298.257222101]],PRIMEM['Greenwich',0.0],UNIT['Degree',0.0174532925199433]],PROJECTION['Transverse_Mercator'],PARAMETER['False_Easting',500000.0],PARAMETER['False_Northing',0.0],PARAMETER['Central_Meridian',-111.0],PARAMETER['Scale_Factor',0.9996],PARAMETER['Latitude_Of_Origin',0.0],UNIT['Meter',1.0]] WGS_1984_(ITRF00)_To_NAD_1983 GEOGCS['GCS_WGS_1984',DATUM['D_WGS_1984',SPHEROID['WGS_1984',6378137.0,298.257223563]],PRIMEM['Greenwich',0.0],UNIT['Degree',0.0174532925199433]] NO_PRESERVE_SHAPE # NO_VERTICAL</Process><Process ToolSource="c:\program files\arcgis\pro\Resources\ArcToolbox\toolboxes\Data Management Tools.tbx\DeleteField" Date="20200207" Time="112932">DeleteField 2020_0420_ALLROUTES_NAD1983_RAWDATA LineColor</Process><Process ToolSource="c:\program files\arcgis\pro\Resources\ArcToolbox\toolboxes\Data Management Tools.tbx\DeleteField" Date="20200207" Time="113033">DeleteField 2020_0420_ALLROUTES_NAD1983_RAWDATA LineId;AgencyId;tpField00</Process><Process ToolSource="c:\program files\arcgis\pro\Resources\ArcToolbox\toolboxes\Data Management Tools.tbx\DeleteField" Date="20200207" Time="113123">DeleteField 2020_0420_ALLROUTES_NAD1983_RAWDATA UserL7;tpField05;UserS2;UserS3;UserS4;UserS5;UserS6;UserS7;UserS8;tpField06;tpField07;tpField08</Process><Process ToolSource="c:\program files\arcgis\pro\Resources\ArcToolbox\toolboxes\Data Management Tools.tbx\DeleteField" Date="20200207" Time="113211">DeleteField 2020_0420_ALLROUTES_NAD1983_RAWDATA LineType;tpField01;tpField02;CommentId;tpField03;tpField04;UserD1;UserD2;UserL1;UserL2;UserL3;UserL4;UserL5;UserL6;UserL8</Process><Process ToolSource="c:\program files\arcgis\pro\Resources\ArcToolbox\toolboxes\Data Management Tools.tbx\DeleteField" Date="20200207" Time="113528">DeleteField 2020_0420_ALLROUTES_NAD1983_RAWDATA UserA6;UserA7;UserA8;tpField09;tpField10;NumTrips;tpField11;tpField12;tpField13;RevenueNo;tpField14;IsShuttle;tpField15;tpField16;AVLExport;tpField17;UserLS2;UserLS3;UserLS4;UserLS5</Process><Process ToolSource="c:\program files\arcgis\pro\Resources\ArcToolbox\toolboxes\Data Management Tools.tbx\DeleteField" Date="20200207" Time="113630">DeleteField 2020_0420_ALLROUTES_NAD1983_RAWDATA LineId1;DirNum0;LineId0;DirNum1;LineDirId0;LineDirId1;AgencyId0;AgencyId1;tpField180;tpField181;tpField190;tpField191;UserD10;UserD11;UserD20;UserD21;UserL10;UserL11;UserL20;UserL21;UserL30;UserL31;UserL40;UserL41;UserS10;UserS11;UserS20;UserS21;UserS30;UserS31;UserS40;UserS41;UserA10;UserA11;UserA20;UserA21;UserA30;UserA31;UserA40;UserA41;tpField200;tpField201;Sections0;Sections1;tpField210;tpField211;tpField220;tpField221</Process><Process ToolSource="c:\program files\arcgis\pro\Resources\ArcToolbox\toolboxes\Conversion Tools.tbx\FeatureClassToFeatureClass" Date="20200207" Time="113757">FeatureClassToFeatureClass 2020_0420_ALLROUTES_NAD1983_RAWDATA "\\osiris\GIS Data\Routes\Routepatterns\TRAPEZE_ROUTES\2020_04_APR\NAD1983_Zone12" 2020_0420_ALLROUTES_NAD1983.shp # "LineAbbr "LineAbbr" true true false 7 Text 0 0,First,#,2020_0420_ALLROUTES_NAD1983_RAWDATA,LineAbbr,0,7;LineName "LineName" true true false 75 Text 0 0,First,#,2020_0420_ALLROUTES_NAD1983_RAWDATA,LineName,0,75;Frequency "Frequency" true true false 254 Text 0 0,First,#,2020_0420_ALLROUTES_NAD1983_RAWDATA,Frequency,0,254;RouteType "RouteType" true true false 254 Text 0 0,First,#,2020_0420_ALLROUTES_NAD1983_RAWDATA,RouteType,0,254" #</Process><Process ToolSource="c:\program files\arcgis\pro\Resources\ArcToolbox\toolboxes\Data Management Tools.tbx\AddField" Date="20200207" Time="121349">AddField 2020_0420_ALLROUTES_NAD1983 City Text # # 254 # NULLABLE NON_REQUIRED #</Process><Process ToolSource="c:\program files\arcgis\pro\Resources\ArcToolbox\toolboxes\Data Management Tools.tbx\AddField" Date="20200207" Time="121401">AddField 2020_0420_ALLROUTES_NAD1983 City_1 Text # # 254 # NULLABLE NON_REQUIRED #</Process><Process ToolSource="c:\program files\arcgis\pro\Resources\ArcToolbox\toolboxes\Data Management Tools.tbx\AddField" Date="20200207" Time="121411">AddField 2020_0420_ALLROUTES_NAD1983 County_1 Text # # 254 # NULLABLE NON_REQUIRED #</Process><Process ToolSource="c:\program files\arcgis\pro\Resources\ArcToolbox\toolboxes\Data Management Tools.tbx\UpdateSchema" Date="20200207" Time="121413">UpdateSchema "CIMDATA=&lt;CIMStandardDataConnection xsi:type='typens:CIMStandardDataConnection' xmlns:xsi='http://www.w3.org/2001/XMLSchema-instance' xmlns:xs='http://www.w3.org/2001/XMLSchema' xmlns:typens='http://www.esri.com/schemas/ArcGIS/2.4.0'&gt;&lt;WorkspaceConnectionString&gt;DATABASE=\\osiris\GIS Data\Routes\Routepatterns\TRAPEZE_ROUTES\2020_04_APR\NAD1983_Zone12&lt;/WorkspaceConnectionString&gt;&lt;WorkspaceFactory&gt;Shapefile&lt;/WorkspaceFactory&gt;&lt;Dataset&gt;2020_0420_ALLROUTES_NAD1983&lt;/Dataset&gt;&lt;DatasetType&gt;esriDTFeatureClass&lt;/DatasetType&gt;&lt;/CIMStandardDataConnection&gt;" &lt;operationSequence&gt;&lt;workflow&gt;&lt;DeleteField&gt;&lt;field_name&gt;City&lt;/field_name&gt;&lt;/DeleteField&gt;&lt;/workflow&gt;&lt;/operationSequence&gt;</Process><Process ToolSource="c:\program files\arcgis\pro\Resources\ArcToolbox\toolboxes\Conversion Tools.tbx\FeatureClassToFeatureClass" Date="20200324" Time="133950">FeatureClassToFeatureClass 2020_0420_ALLROUTES_NAD1983 C:\Users\sellis\Desktop\GIS_Projects\2019_0225_RidershipDashboard\April2020_Routes 2020_0420_ALLROUTES.shp # "LineAbbr "LineAbbr" true true false 7 Text 0 0,First,#,2020_0420_ALLROUTES_NAD1983,LineAbbr,0,7;LineName "LineName" true true false 75 Text 0 0,First,#,2020_0420_ALLROUTES_NAD1983,LineName,0,75;Frequency "Frequency" true true false 254 Text 0 0,First,#,2020_0420_ALLROUTES_NAD1983,Frequency,0,254;RouteType "RouteType" true true false 254 Text 0 0,First,#,2020_0420_ALLROUTES_NAD1983,RouteType,0,254;City_1 "City_1" true true false 254 Text 0 0,First,#,2020_0420_ALLROUTES_NAD1983,City_1,0,254;County_1 "County_1" true true false 254 Text 0 0,First,#,2020_0420_ALLROUTES_NAD1983,County_1,0,254" #</Process><Process ToolSource="c:\program files\arcgis\pro\Resources\ArcToolbox\Toolboxes\Data Management Tools.tbx\Copy" Date="20200408" Time="155915">Copy C:\Users\sellis\Desktop\GIS_Projects\2019_0225_RidershipDashboard\April2020_Routes\2020_0420_ALLROUTES.shp "\\osiris\GIS Data\Routes\Routepatterns\TRAPEZE_ROUTES\2020_04_APR\NAD1983_Zone12\2020_0420_ALLROUTES.shp" Shapefile #</Process><Process ToolSource="c:\program files\arcgis\pro\Resources\ArcToolbox\toolboxes\Data Management Tools.tbx\Rename" Date="20221111" Time="152206">Rename "\\osiris\GIS Data\Routes\Routepatterns\TRAPEZE_ROUTES\2020_04_APR\NAD1983_Zone12\2020_0420_ALLROUTES.shp" "\\osiris\GIS Data\Routes\Routepatterns\TRAPEZE_ROUTES\2020_04_APR\NAD1983_Zone12\2020_0420_ALLROUTES_NAD1983.shp" ShapeFile</Process><Process ToolSource="c:\program files\arcgis\pro\Resources\ArcToolbox\toolboxes\Data Management Tools.tbx\Copy" Date="20221111" Time="152232">Copy "\\osiris\GIS Data\Routes\Routepatterns\TRAPEZE_ROUTES\2020_04_APR\NAD1983_Zone12\2020_0420_ALLROUTES_NAD1983.shp" C:\Users\sellis\Desktop\DELETELATER\UTA_ROUTES_2017_TO_PRESENT\2020_0420_ALLROUTES_NAD1983.shp Shapefile #</Process></lineage><itemProps><itemLocation><linkage Sync="TRUE">file://\\L30094\C$\Users\sellis\Desktop\DELETELATER\UTA_ROUTES_2017_TO_PRESENT\2020_0420_ALLROUTES_NAD1983</linkage><protocol Sync="TRUE">Local Area Network</protocol></itemLocation><itemName Sync="TRUE">2020_0420_ALLROUTES</itemName><imsContentType Sync="TRUE">002</imsContentType><itemSize Sync="TRUE">0.000</itemSize></itemProps><copyHistory><copy source="\\osiris\GIS Data\Routes\Routepatterns\TRAPEZE_ROUTES\2020_04_APR\NAD1983_Zone12\2020_0420_ALLROUTES_NAD1983" dest="\\L30094\C$\Users\sellis\Desktop\DELETELATER\UTA_ROUTES_2017_TO_PRESENT\2020_0420_ALLROUTES_NAD1983" date="20221111" time="15223200"></copy></copyHistory><coordRef><type Sync="TRUE">Projected</type><geogcsn Sync="TRUE">GCS_North_American_1983</geogcsn><csUnits Sync="TRUE">Linear Unit: Meter (1.000000)</csUnits><projcsn Sync="TRUE">NAD_1983_UTM_Zone_12N</projcsn><peXml Sync="TRUE">&lt;ProjectedCoordinateSystem xsi:type='typens:ProjectedCoordinateSystem' xmlns:xsi='http://www.w3.org/2001/XMLSchema-instance' xmlns:xs='http://www.w3.org/2001/XMLSchema' xmlns:typens='http://www.esri.com/schemas/ArcGIS/2.4.0'&gt;&lt;WKT&gt;PROJCS[&amp;quot;NAD_1983_UTM_Zone_12N&amp;quot;,GEOGCS[&amp;quot;GCS_North_American_1983&amp;quot;,DATUM[&amp;quot;D_North_American_1983&amp;quot;,SPHEROID[&amp;quot;GRS_1980&amp;quot;,6378137.0,298.257222101]],PRIMEM[&amp;quot;Greenwich&amp;quot;,0.0],UNIT[&amp;quot;Degree&amp;quot;,0.0174532925199433]],PROJECTION[&amp;quot;Transverse_Mercator&amp;quot;],PARAMETER[&amp;quot;False_Easting&amp;quot;,500000.0],PARAMETER[&amp;quot;False_Northing&amp;quot;,0.0],PARAMETER[&amp;quot;Central_Meridian&amp;quot;,-111.0],PARAMETER[&amp;quot;Scale_Factor&amp;quot;,0.9996],PARAMETER[&amp;quot;Latitude_Of_Origin&amp;quot;,0.0],UNIT[&amp;quot;Meter&amp;quot;,1.0],AUTHORITY[&amp;quot;EPSG&amp;quot;,26912]]&lt;/WKT&gt;&lt;XOrigin&gt;-5120900&lt;/XOrigin&gt;&lt;YOrigin&gt;-9998100&lt;/YOrigin&gt;&lt;XYScale&gt;450445547.3910538&lt;/XYScale&gt;&lt;ZOrigin&gt;-100000&lt;/ZOrigin&gt;&lt;ZScale&gt;10000&lt;/ZScale&gt;&lt;MOrigin&gt;-100000&lt;/MOrigin&gt;&lt;MScale&gt;10000&lt;/MScale&gt;&lt;XYTolerance&gt;0.001&lt;/XYTolerance&gt;&lt;ZTolerance&gt;0.001&lt;/ZTolerance&gt;&lt;MTolerance&gt;0.001&lt;/MTolerance&gt;&lt;HighPrecision&gt;true&lt;/HighPrecision&gt;&lt;WKID&gt;26912&lt;/WKID&gt;&lt;LatestWKID&gt;26912&lt;/LatestWKID&gt;&lt;/ProjectedCoordinateSystem&gt;</peXml></coordRef></DataProperties><SyncDate>20200324</SyncDate><SyncTime>13394900</SyncTime><ModDate>20200324</ModDate><ModTime>13394900</ModTime></Esri><dataIdInfo><envirDesc Sync="TRUE">Microsoft Windows 10 Version 10.0 (Build 17763) ; Esri ArcGIS 12.4.0.19948</envirDesc><dataLang><languageCode value="eng" Sync="TRUE"></languageCode><countryCode value="USA" Sync="TRUE"></countryCode></dataLang><idCitation><resTitle Sync="TRUE">2020_0420_ALLROUTES</resTitle><presForm><PresFormCd value="005" Sync="TRUE"></PresFormCd></presForm></idCitation><spatRpType><SpatRepTypCd value="001" Sync="TRUE"></SpatRepTypCd></spatRpType></dataIdInfo><mdLang><languageCode value="eng" Sync="TRUE"></languageCode><countryCode value="USA" Sync="TRUE"></countryCode></mdLang><mdChar><CharSetCd value="004" Sync="TRUE"></CharSetCd></mdChar><distInfo><distFormat><formatName Sync="TRUE">Shapefile</formatName></distFormat><distTranOps><transSize Sync="TRUE">0.000</transSize></distTranOps></distInfo><mdHrLv><ScopeCd value="005" Sync="TRUE"></ScopeCd></mdHrLv><mdHrLvName Sync="TRUE">dataset</mdHrLvName><refSysInfo><RefSystem><refSysID><identCode code="26912" Sync="TRUE"></identCode><idCodeSpace Sync="TRUE">EPSG</idCodeSpace><idVersion Sync="TRUE">6.13(3.0.1)</idVersion></refSysID></RefSystem></refSysInfo><spatRepInfo><VectSpatRep><geometObjs Name="2020_0420_ALLROUTES"><geoObjTyp><GeoObjTypCd value="002" Sync="TRUE"></GeoObjTypCd></geoObjTyp><geoObjCnt Sync="TRUE">0</geoObjCnt></geometObjs><topLvl><TopoLevCd value="001" Sync="TRUE"></TopoLevCd></topLvl></VectSpatRep></spatRepInfo><spdoinfo><ptvctinf><esriterm Name="2020_0420_ALLROUTES"><efeatyp Sync="TRUE">Simple</efeatyp><efeageom code="3" Sync="TRUE"></efeageom><esritopo Sync="TRUE">FALSE</esritopo><efeacnt Sync="TRUE">0</efeacnt><spindex Sync="TRUE">FALSE</spindex><linrefer Sync="TRUE">FALSE</linrefer></esriterm></ptvctinf></spdoinfo><eainfo><detailed Name="2020_0420_ALLROUTES"><enttyp><enttypl Sync="TRUE">2020_0420_ALLROUTES</enttypl><enttypt Sync="TRUE">Feature Class</enttypt><enttypc Sync="TRUE">0</enttypc></enttyp><attr><attrlabl Sync="TRUE">FID</attrlabl><attalias Sync="TRUE">FID</attalias><attrtype Sync="TRUE">OID</attrtype><attwidth Sync="TRUE">4</attwidth><atprecis Sync="TRUE">0</atprecis><attscale Sync="TRUE">0</attscale><attrdef Sync="TRUE">Internal feature number.</attrdef><attrdefs Sync="TRUE">Esri</attrdefs><attrdomv><udom Sync="TRUE">Sequential unique whole numbers that are automatically generated.</udom></attrdomv></attr><attr><attrlabl Sync="TRUE">Shape</attrlabl><attalias Sync="TRUE">Shape</attalias><attrtype Sync="TRUE">Geometry</attrtype><attwidth Sync="TRUE">0</attwidth><atprecis Sync="TRUE">0</atprecis><attscale Sync="TRUE">0</attscale><attrdef Sync="TRUE">Feature geometry.</attrdef><attrdefs Sync="TRUE">Esri</attrdefs><attrdomv><udom Sync="TRUE">Coordinates defining the features.</udom></attrdomv></attr><attr><attrlabl Sync="TRUE">LineAbbr</attrlabl><attalias Sync="TRUE">LineAbbr</attalias><attrtype Sync="TRUE">String</attrtype><attwidth Sync="TRUE">7</attwidth><atprecis Sync="TRUE">0</atprecis><attscale Sync="TRUE">0</attscale></attr><attr><attrlabl Sync="TRUE">LineName</attrlabl><attalias Sync="TRUE">LineName</attalias><attrtype Sync="TRUE">String</attrtype><attwidth Sync="TRUE">75</attwidth><atprecis Sync="TRUE">0</atprecis><attscale Sync="TRUE">0</attscale></attr><attr><attrlabl Sync="TRUE">Frequency</attrlabl><attalias Sync="TRUE">Frequency</attalias><attrtype Sync="TRUE">String</attrtype><attwidth Sync="TRUE">254</attwidth><atprecis Sync="TRUE">0</atprecis><attscale Sync="TRUE">0</attscale></attr><attr><attrlabl Sync="TRUE">RouteType</attrlabl><attalias Sync="TRUE">RouteType</attalias><attrtype Sync="TRUE">String</attrtype><attwidth Sync="TRUE">254</attwidth><atprecis Sync="TRUE">0</atprecis><attscale Sync="TRUE">0</attscale></attr><attr><attrlabl Sync="TRUE">City_1</attrlabl><attalias Sync="TRUE">City_1</attalias><attrtype Sync="TRUE">String</attrtype><attwidth Sync="TRUE">254</attwidth><atprecis Sync="TRUE">0</atprecis><attscale Sync="TRUE">0</attscale></attr><attr><attrlabl Sync="TRUE">County_1</attrlabl><attalias Sync="TRUE">County_1</attalias><attrtype Sync="TRUE">String</attrtype><attwidth Sync="TRUE">254</attwidth><atprecis Sync="TRUE">0</atprecis><attscale Sync="TRUE">0</attscale></attr></detailed></eainfo><mdDateSt Sync="TRUE">20200324</mdDateSt></metadata>
