<?xml version="1.0" encoding="UTF-8"?>
<metadata xml:lang="en"><Esri><CreaDate>20221111</CreaDate><CreaTime>15234300</CreaTime><ArcGISFormat>1.0</ArcGISFormat><SyncOnce>FALSE</SyncOnce><DataProperties><itemProps><itemName Sync="TRUE">2021_0808_ALLROUTES_NAD1983</itemName><imsContentType Sync="TRUE">002</imsContentType><itemSize Sync="TRUE">0.000</itemSize><itemLocation><linkage Sync="TRUE">file://\\L30094\C$\Users\sellis\Desktop\DELETELATER\UTA_ROUTES_2017_TO_PRESENT\2021_0808_ALLROUTES_NAD1983</linkage><protocol Sync="TRUE">Local Area Network</protocol></itemLocation></itemProps><coordRef><type Sync="TRUE">Projected</type><geogcsn Sync="TRUE">GCS_NAD_1983_2011</geogcsn><csUnits Sync="TRUE">Linear Unit: Meter (1.000000)</csUnits><projcsn Sync="TRUE">NAD_1983_2011_UTM_Zone_12N</projcsn><peXml Sync="TRUE">&lt;ProjectedCoordinateSystem xsi:type='typens:ProjectedCoordinateSystem' xmlns:xsi='http://www.w3.org/2001/XMLSchema-instance' xmlns:xs='http://www.w3.org/2001/XMLSchema' xmlns:typens='http://www.esri.com/schemas/ArcGIS/2.6.0'&gt;&lt;WKT&gt;PROJCS[&amp;quot;NAD_1983_2011_UTM_Zone_12N&amp;quot;,GEOGCS[&amp;quot;GCS_NAD_1983_2011&amp;quot;,DATUM[&amp;quot;D_NAD_1983_2011&amp;quot;,SPHEROID[&amp;quot;GRS_1980&amp;quot;,6378137.0,298.257222101]],PRIMEM[&amp;quot;Greenwich&amp;quot;,0.0],UNIT[&amp;quot;Degree&amp;quot;,0.0174532925199433]],PROJECTION[&amp;quot;Transverse_Mercator&amp;quot;],PARAMETER[&amp;quot;False_Easting&amp;quot;,500000.0],PARAMETER[&amp;quot;False_Northing&amp;quot;,0.0],PARAMETER[&amp;quot;Central_Meridian&amp;quot;,-111.0],PARAMETER[&amp;quot;Scale_Factor&amp;quot;,0.9996],PARAMETER[&amp;quot;Latitude_Of_Origin&amp;quot;,0.0],UNIT[&amp;quot;Meter&amp;quot;,1.0],AUTHORITY[&amp;quot;EPSG&amp;quot;,6341]]&lt;/WKT&gt;&lt;XOrigin&gt;-5120900&lt;/XOrigin&gt;&lt;YOrigin&gt;-9998100&lt;/YOrigin&gt;&lt;XYScale&gt;450445547.3910538&lt;/XYScale&gt;&lt;ZOrigin&gt;-100000&lt;/ZOrigin&gt;&lt;ZScale&gt;10000&lt;/ZScale&gt;&lt;MOrigin&gt;-100000&lt;/MOrigin&gt;&lt;MScale&gt;10000&lt;/MScale&gt;&lt;XYTolerance&gt;0.001&lt;/XYTolerance&gt;&lt;ZTolerance&gt;0.001&lt;/ZTolerance&gt;&lt;MTolerance&gt;0.001&lt;/MTolerance&gt;&lt;HighPrecision&gt;true&lt;/HighPrecision&gt;&lt;WKID&gt;102059&lt;/WKID&gt;&lt;LatestWKID&gt;6341&lt;/LatestWKID&gt;&lt;/ProjectedCoordinateSystem&gt;</peXml></coordRef><lineage><Process ToolSource="c:\program files\arcgis\pro\Resources\ArcToolbox\toolboxes\Conversion Tools.tbx\FeatureClassToFeatureClass" Date="20210609" Time="155310">FeatureClassToFeatureClass AugustLine21_NAD "\\osiris\GIS Data\Routes\Routepatterns\TRAPEZE_ROUTES\2021_08_AUGUST\NAD1983" 2021_0808_ALLROUTES_NAD1983.shp # "LineColor "LineColor" true true false 10 Long 0 10,First,#,AugustLine21_NAD,LineColor,-1,-1;LineId "LineId" true true false 10 Long 0 10,First,#,AugustLine21_NAD,LineId,-1,-1;AgencyId "AgencyId" true true false 10 Long 0 10,First,#,AugustLine21_NAD,AgencyId,-1,-1;tpField00 "tpField00" true true false 10 Long 0 10,First,#,AugustLine21_NAD,tpField00,-1,-1;LineAbbr "LineAbbr" true true false 7 Text 0 0,First,#,AugustLine21_NAD,LineAbbr,0,7;LineName "LineName" true true false 75 Text 0 0,First,#,AugustLine21_NAD,LineName,0,75;LineType "LineType" true true false 2 Text 0 0,First,#,AugustLine21_NAD,LineType,0,2;tpField01 "tpField01" true true false 7 Text 0 0,First,#,AugustLine21_NAD,tpField01,0,7;tpField02 "tpField02" true true false 5 Long 0 5,First,#,AugustLine21_NAD,tpField02,-1,-1;CommentId "CommentId" true true false 10 Long 0 10,First,#,AugustLine21_NAD,CommentId,-1,-1;tpField03 "tpField03" true true false 5 Long 0 5,First,#,AugustLine21_NAD,tpField03,-1,-1;tpField04 "tpField04" true true false 10 Long 0 10,First,#,AugustLine21_NAD,tpField04,-1,-1;UserD1 "UserD1" true true false 15 Double 4 14,First,#,AugustLine21_NAD,UserD1,-1,-1;UserD2 "UserD2" true true false 15 Double 4 14,First,#,AugustLine21_NAD,UserD2,-1,-1;UserL1 "UserL1" true true false 10 Long 0 10,First,#,AugustLine21_NAD,UserL1,-1,-1;UserL2 "UserL2" true true false 10 Long 0 10,First,#,AugustLine21_NAD,UserL2,-1,-1;UserL3 "UserL3" true true false 10 Long 0 10,First,#,AugustLine21_NAD,UserL3,-1,-1;UserL4 "UserL4" true true false 10 Long 0 10,First,#,AugustLine21_NAD,UserL4,-1,-1;UserL5 "UserL5" true true false 10 Long 0 10,First,#,AugustLine21_NAD,UserL5,-1,-1;UserL6 "UserL6" true true false 10 Long 0 10,First,#,AugustLine21_NAD,UserL6,-1,-1;UserL7 "UserL7" true true false 10 Long 0 10,First,#,AugustLine21_NAD,UserL7,-1,-1;UserL8 "UserL8" true true false 10 Long 0 10,First,#,AugustLine21_NAD,UserL8,-1,-1;tpField05 "tpField05" true true false 5 Long 0 5,First,#,AugustLine21_NAD,tpField05,-1,-1;UserS2 "UserS2" true true false 5 Long 0 5,First,#,AugustLine21_NAD,UserS2,-1,-1;UserS3 "UserS3" true true false 5 Long 0 5,First,#,AugustLine21_NAD,UserS3,-1,-1;UserS4 "UserS4" true true false 5 Long 0 5,First,#,AugustLine21_NAD,UserS4,-1,-1;UserS5 "UserS5" true true false 5 Long 0 5,First,#,AugustLine21_NAD,UserS5,-1,-1;UserS6 "UserS6" true true false 5 Long 0 5,First,#,AugustLine21_NAD,UserS6,-1,-1;UserS7 "UserS7" true true false 5 Long 0 5,First,#,AugustLine21_NAD,UserS7,-1,-1;UserS8 "UserS8" true true false 5 Long 0 5,First,#,AugustLine21_NAD,UserS8,-1,-1;tpField06 "tpField06" true true false 254 Text 0 0,First,#,AugustLine21_NAD,tpField06,0,254;UserA2 "UserA2" true true false 254 Text 0 0,First,#,AugustLine21_NAD,UserA2,0,254;UserA3 "UserA3" true true false 254 Text 0 0,First,#,AugustLine21_NAD,UserA3,0,254;Frequency "Frequency" true true false 254 Text 0 0,First,#,AugustLine21_NAD,Frequency,0,254;RouteType "RouteType" true true false 254 Text 0 0,First,#,AugustLine21_NAD,RouteType,0,254;tpField07 "tpField07" true true false 254 Text 0 0,First,#,AugustLine21_NAD,tpField07,0,254;UserA7 "UserA7" true true false 254 Text 0 0,First,#,AugustLine21_NAD,UserA7,0,254;UserA8 "UserA8" true true false 254 Text 0 0,First,#,AugustLine21_NAD,UserA8,0,254;tpField08 "tpField08" true true false 10 Long 0 10,First,#,AugustLine21_NAD,tpField08,-1,-1;tpField09 "tpField09" true true false 10 Long 0 10,First,#,AugustLine21_NAD,tpField09,-1,-1;NumTrips "NumTrips" true true false 5 Long 0 5,First,#,AugustLine21_NAD,NumTrips,-1,-1;tpField10 "tpField10" true true false 10 Long 0 10,First,#,AugustLine21_NAD,tpField10,-1,-1;tpField11 "tpField11" true true false 8 Text 0 0,First,#,AugustLine21_NAD,tpField11,0,8;tpField12 "tpField12" true true false 15 Text 0 0,First,#,AugustLine21_NAD,tpField12,0,15;RevenueNo "RevenueNo" true true false 10 Text 0 0,First,#,AugustLine21_NAD,RevenueNo,0,10;tpField13 "tpField13" true true false 10 Long 0 10,First,#,AugustLine21_NAD,tpField13,-1,-1;IsShuttle "IsShuttle" true true false 5 Long 0 5,First,#,AugustLine21_NAD,IsShuttle,-1,-1;tpField14 "tpField14" true true false 5 Long 0 5,First,#,AugustLine21_NAD,tpField14,-1,-1;tpField15 "tpField15" true true false 16 Text 0 0,First,#,AugustLine21_NAD,tpField15,0,16;AVLExport "AVLExport" true true false 5 Long 0 5,First,#,AugustLine21_NAD,AVLExport,-1,-1;tpField16 "tpField16" true true false 254 Text 0 0,First,#,AugustLine21_NAD,tpField16,0,254;tpField17 "tpField17" true true false 254 Text 0 0,First,#,AugustLine21_NAD,tpField17,0,254;tpField18 "tpField18" true true false 254 Text 0 0,First,#,AugustLine21_NAD,tpField18,0,254;tpField19 "tpField19" true true false 254 Text 0 0,First,#,AugustLine21_NAD,tpField19,0,254;UserLS5 "UserLS5" true true false 254 Text 0 0,First,#,AugustLine21_NAD,UserLS5,0,254;LineId0 "LineId0" true true false 10 Long 0 10,First,#,AugustLine21_NAD,LineId0,-1,-1;LineId1 "LineId1" true true false 10 Long 0 10,First,#,AugustLine21_NAD,LineId1,-1,-1;DirNum0 "DirNum0" true true false 5 Long 0 5,First,#,AugustLine21_NAD,DirNum0,-1,-1;DirNum1 "DirNum1" true true false 5 Long 0 5,First,#,AugustLine21_NAD,DirNum1,-1,-1;LineDirId0 "LineDirId0" true true false 10 Long 0 10,First,#,AugustLine21_NAD,LineDirId0,-1,-1;LineDirId1 "LineDirId1" true true false 10 Long 0 10,First,#,AugustLine21_NAD,LineDirId1,-1,-1;AgencyId0 "AgencyId0" true true false 10 Long 0 10,First,#,AugustLine21_NAD,AgencyId0,-1,-1;AgencyId1 "AgencyId1" true true false 10 Long 0 10,First,#,AugustLine21_NAD,AgencyId1,-1,-1;tpField200 "tpField200" true true false 10 Long 0 10,First,#,AugustLine21_NAD,tpField200,-1,-1;tpField201 "tpField201" true true false 10 Long 0 10,First,#,AugustLine21_NAD,tpField201,-1,-1;tpField210 "tpField210" true true false 15 Text 0 0,First,#,AugustLine21_NAD,tpField210,0,15;tpField211 "tpField211" true true false 15 Text 0 0,First,#,AugustLine21_NAD,tpField211,0,15;UserD10 "UserD10" true true false 15 Double 4 14,First,#,AugustLine21_NAD,UserD10,-1,-1;UserD11 "UserD11" true true false 15 Double 4 14,First,#,AugustLine21_NAD,UserD11,-1,-1;UserD20 "UserD20" true true false 15 Double 4 14,First,#,AugustLine21_NAD,UserD20,-1,-1;UserD21 "UserD21" true true false 15 Double 4 14,First,#,AugustLine21_NAD,UserD21,-1,-1;UserL10 "UserL10" true true false 10 Long 0 10,First,#,AugustLine21_NAD,UserL10,-1,-1;UserL11 "UserL11" true true false 10 Long 0 10,First,#,AugustLine21_NAD,UserL11,-1,-1;UserL20 "UserL20" true true false 10 Long 0 10,First,#,AugustLine21_NAD,UserL20,-1,-1;UserL21 "UserL21" true true false 10 Long 0 10,First,#,AugustLine21_NAD,UserL21,-1,-1;UserL30 "UserL30" true true false 10 Long 0 10,First,#,AugustLine21_NAD,UserL30,-1,-1;UserL31 "UserL31" true true false 10 Long 0 10,First,#,AugustLine21_NAD,UserL31,-1,-1;UserL40 "UserL40" true true false 10 Long 0 10,First,#,AugustLine21_NAD,UserL40,-1,-1;UserL41 "UserL41" true true false 10 Long 0 10,First,#,AugustLine21_NAD,UserL41,-1,-1;UserS10 "UserS10" true true false 5 Long 0 5,First,#,AugustLine21_NAD,UserS10,-1,-1;UserS11 "UserS11" true true false 5 Long 0 5,First,#,AugustLine21_NAD,UserS11,-1,-1;UserS20 "UserS20" true true false 5 Long 0 5,First,#,AugustLine21_NAD,UserS20,-1,-1;UserS21 "UserS21" true true false 5 Long 0 5,First,#,AugustLine21_NAD,UserS21,-1,-1;UserS30 "UserS30" true true false 5 Long 0 5,First,#,AugustLine21_NAD,UserS30,-1,-1;UserS31 "UserS31" true true false 5 Long 0 5,First,#,AugustLine21_NAD,UserS31,-1,-1;UserS40 "UserS40" true true false 5 Long 0 5,First,#,AugustLine21_NAD,UserS40,-1,-1;UserS41 "UserS41" true true false 5 Long 0 5,First,#,AugustLine21_NAD,UserS41,-1,-1;UserA10 "UserA10" true true false 254 Text 0 0,First,#,AugustLine21_NAD,UserA10,0,254;UserA11 "UserA11" true true false 254 Text 0 0,First,#,AugustLine21_NAD,UserA11,0,254;UserA20 "UserA20" true true false 254 Text 0 0,First,#,AugustLine21_NAD,UserA20,0,254;UserA21 "UserA21" true true false 254 Text 0 0,First,#,AugustLine21_NAD,UserA21,0,254;UserA30 "UserA30" true true false 254 Text 0 0,First,#,AugustLine21_NAD,UserA30,0,254;UserA31 "UserA31" true true false 254 Text 0 0,First,#,AugustLine21_NAD,UserA31,0,254;UserA40 "UserA40" true true false 254 Text 0 0,First,#,AugustLine21_NAD,UserA40,0,254;UserA41 "UserA41" true true false 254 Text 0 0,First,#,AugustLine21_NAD,UserA41,0,254;tpField220 "tpField220" true true false 10 Long 0 10,First,#,AugustLine21_NAD,tpField220,-1,-1;tpField221 "tpField221" true true false 10 Long 0 10,First,#,AugustLine21_NAD,tpField221,-1,-1;Sections0 "Sections0" true true false 10 Long 0 10,First,#,AugustLine21_NAD,Sections0,-1,-1;Sections1 "Sections1" true true false 10 Long 0 10,First,#,AugustLine21_NAD,Sections1,-1,-1;tpField230 "tpField230" true true false 10 Long 0 10,First,#,AugustLine21_NAD,tpField230,-1,-1;tpField231 "tpField231" true true false 10 Long 0 10,First,#,AugustLine21_NAD,tpField231,-1,-1;tpField240 "tpField240" true true false 5 Long 0 5,First,#,AugustLine21_NAD,tpField240,-1,-1;tpField241 "tpField241" true true false 5 Long 0 5,First,#,AugustLine21_NAD,tpField241,-1,-1" #</Process><Process ToolSource="c:\program files\arcgis\pro\Resources\ArcToolbox\toolboxes\Data Management Tools.tbx\UpdateSchema" Date="20210609" Time="161217">UpdateSchema "CIMDATA=&lt;CIMStandardDataConnection xsi:type='typens:CIMStandardDataConnection' xmlns:xsi='http://www.w3.org/2001/XMLSchema-instance' xmlns:xs='http://www.w3.org/2001/XMLSchema' xmlns:typens='http://www.esri.com/schemas/ArcGIS/2.6.0'&gt;&lt;WorkspaceConnectionString&gt;DATABASE=\\osiris\GIS Data\Routes\Routepatterns\TRAPEZE_ROUTES\2021_08_AUGUST\NAD1983&lt;/WorkspaceConnectionString&gt;&lt;WorkspaceFactory&gt;Shapefile&lt;/WorkspaceFactory&gt;&lt;Dataset&gt;2021_0808_ALLROUTES_NAD1983&lt;/Dataset&gt;&lt;DatasetType&gt;esriDTFeatureClass&lt;/DatasetType&gt;&lt;/CIMStandardDataConnection&gt;" &lt;operationSequence&gt;&lt;workflow&gt;&lt;DeleteField&gt;&lt;field_name&gt;LineColor&lt;/field_name&gt;&lt;field_name&gt;LineId&lt;/field_name&gt;&lt;field_name&gt;AgencyId&lt;/field_name&gt;&lt;field_name&gt;tpField00&lt;/field_name&gt;&lt;field_name&gt;LineType&lt;/field_name&gt;&lt;field_name&gt;tpField01&lt;/field_name&gt;&lt;field_name&gt;tpField02&lt;/field_name&gt;&lt;field_name&gt;CommentId&lt;/field_name&gt;&lt;field_name&gt;tpField03&lt;/field_name&gt;&lt;field_name&gt;tpField04&lt;/field_name&gt;&lt;field_name&gt;UserD1&lt;/field_name&gt;&lt;field_name&gt;UserD2&lt;/field_name&gt;&lt;field_name&gt;UserL1&lt;/field_name&gt;&lt;field_name&gt;UserL2&lt;/field_name&gt;&lt;field_name&gt;UserL3&lt;/field_name&gt;&lt;field_name&gt;UserL4&lt;/field_name&gt;&lt;field_name&gt;UserL5&lt;/field_name&gt;&lt;field_name&gt;UserL6&lt;/field_name&gt;&lt;field_name&gt;UserL7&lt;/field_name&gt;&lt;field_name&gt;UserL8&lt;/field_name&gt;&lt;field_name&gt;tpField05&lt;/field_name&gt;&lt;field_name&gt;UserS2&lt;/field_name&gt;&lt;field_name&gt;UserS3&lt;/field_name&gt;&lt;field_name&gt;UserS4&lt;/field_name&gt;&lt;field_name&gt;UserS5&lt;/field_name&gt;&lt;field_name&gt;UserS6&lt;/field_name&gt;&lt;field_name&gt;UserS7&lt;/field_name&gt;&lt;field_name&gt;UserS8&lt;/field_name&gt;&lt;field_name&gt;tpField06&lt;/field_name&gt;&lt;field_name&gt;UserA2&lt;/field_name&gt;&lt;field_name&gt;UserA3&lt;/field_name&gt;&lt;field_name&gt;tpField07&lt;/field_name&gt;&lt;field_name&gt;UserA7&lt;/field_name&gt;&lt;field_name&gt;UserA8&lt;/field_name&gt;&lt;field_name&gt;tpField08&lt;/field_name&gt;&lt;field_name&gt;tpField09&lt;/field_name&gt;&lt;field_name&gt;NumTrips&lt;/field_name&gt;&lt;field_name&gt;tpField10&lt;/field_name&gt;&lt;field_name&gt;tpField11&lt;/field_name&gt;&lt;field_name&gt;tpField12&lt;/field_name&gt;&lt;field_name&gt;RevenueNo&lt;/field_name&gt;&lt;field_name&gt;tpField13&lt;/field_name&gt;&lt;field_name&gt;IsShuttle&lt;/field_name&gt;&lt;field_name&gt;tpField14&lt;/field_name&gt;&lt;field_name&gt;tpField15&lt;/field_name&gt;&lt;field_name&gt;AVLExport&lt;/field_name&gt;&lt;field_name&gt;tpField16&lt;/field_name&gt;&lt;field_name&gt;tpField17&lt;/field_name&gt;&lt;field_name&gt;tpField18&lt;/field_name&gt;&lt;field_name&gt;tpField19&lt;/field_name&gt;&lt;field_name&gt;UserLS5&lt;/field_name&gt;&lt;field_name&gt;LineId0&lt;/field_name&gt;&lt;field_name&gt;LineId1&lt;/field_name&gt;&lt;field_name&gt;DirNum0&lt;/field_name&gt;&lt;field_name&gt;DirNum1&lt;/field_name&gt;&lt;field_name&gt;LineDirId0&lt;/field_name&gt;&lt;field_name&gt;LineDirId1&lt;/field_name&gt;&lt;field_name&gt;AgencyId0&lt;/field_name&gt;&lt;field_name&gt;AgencyId1&lt;/field_name&gt;&lt;field_name&gt;tpField200&lt;/field_name&gt;&lt;field_name&gt;tpField201&lt;/field_name&gt;&lt;field_name&gt;tpField210&lt;/field_name&gt;&lt;field_name&gt;tpField211&lt;/field_name&gt;&lt;field_name&gt;UserD10&lt;/field_name&gt;&lt;field_name&gt;UserD11&lt;/field_name&gt;&lt;field_name&gt;UserD20&lt;/field_name&gt;&lt;field_name&gt;UserD21&lt;/field_name&gt;&lt;field_name&gt;UserL10&lt;/field_name&gt;&lt;field_name&gt;UserL11&lt;/field_name&gt;&lt;field_name&gt;UserL20&lt;/field_name&gt;&lt;field_name&gt;UserL21&lt;/field_name&gt;&lt;field_name&gt;UserL30&lt;/field_name&gt;&lt;field_name&gt;UserL31&lt;/field_name&gt;&lt;field_name&gt;UserL40&lt;/field_name&gt;&lt;field_name&gt;UserL41&lt;/field_name&gt;&lt;field_name&gt;UserS10&lt;/field_name&gt;&lt;field_name&gt;UserS11&lt;/field_name&gt;&lt;field_name&gt;UserS20&lt;/field_name&gt;&lt;field_name&gt;UserS21&lt;/field_name&gt;&lt;field_name&gt;UserS30&lt;/field_name&gt;&lt;field_name&gt;UserS31&lt;/field_name&gt;&lt;field_name&gt;UserS40&lt;/field_name&gt;&lt;field_name&gt;UserS41&lt;/field_name&gt;&lt;field_name&gt;UserA10&lt;/field_name&gt;&lt;field_name&gt;UserA11&lt;/field_name&gt;&lt;field_name&gt;UserA20&lt;/field_name&gt;&lt;field_name&gt;UserA21&lt;/field_name&gt;&lt;field_name&gt;UserA30&lt;/field_name&gt;&lt;field_name&gt;UserA31&lt;/field_name&gt;&lt;field_name&gt;UserA40&lt;/field_name&gt;&lt;field_name&gt;UserA41&lt;/field_name&gt;&lt;field_name&gt;tpField220&lt;/field_name&gt;&lt;field_name&gt;tpField221&lt;/field_name&gt;&lt;field_name&gt;Sections0&lt;/field_name&gt;&lt;field_name&gt;Sections1&lt;/field_name&gt;&lt;field_name&gt;tpField230&lt;/field_name&gt;&lt;field_name&gt;tpField231&lt;/field_name&gt;&lt;field_name&gt;tpField240&lt;/field_name&gt;&lt;field_name&gt;tpField241&lt;/field_name&gt;&lt;/DeleteField&gt;&lt;/workflow&gt;&lt;/operationSequence&gt;</Process><Process ToolSource="c:\program files\arcgis\pro\Resources\ArcToolbox\toolboxes\Data Management Tools.tbx\UpdateSchema" Date="20210609" Time="161314">UpdateSchema "CIMDATA=&lt;CIMStandardDataConnection xsi:type='typens:CIMStandardDataConnection' xmlns:xsi='http://www.w3.org/2001/XMLSchema-instance' xmlns:xs='http://www.w3.org/2001/XMLSchema' xmlns:typens='http://www.esri.com/schemas/ArcGIS/2.6.0'&gt;&lt;WorkspaceConnectionString&gt;DATABASE=\\osiris\GIS Data\Routes\Routepatterns\TRAPEZE_ROUTES\2021_08_AUGUST\NAD1983&lt;/WorkspaceConnectionString&gt;&lt;WorkspaceFactory&gt;Shapefile&lt;/WorkspaceFactory&gt;&lt;Dataset&gt;2021_0808_ALLROUTES_NAD1983&lt;/Dataset&gt;&lt;DatasetType&gt;esriDTFeatureClass&lt;/DatasetType&gt;&lt;/CIMStandardDataConnection&gt;" &lt;operationSequence&gt;&lt;workflow&gt;&lt;AddField&gt;&lt;field_name&gt;City&lt;/field_name&gt;&lt;field_type&gt;TEXT&lt;/field_type&gt;&lt;field_length&gt;255&lt;/field_length&gt;&lt;field_is_nullable&gt;False&lt;/field_is_nullable&gt;&lt;field_is_required&gt;False&lt;/field_is_required&gt;&lt;/AddField&gt;&lt;/workflow&gt;&lt;workflow&gt;&lt;AddField&gt;&lt;field_name&gt;County&lt;/field_name&gt;&lt;field_type&gt;TEXT&lt;/field_type&gt;&lt;field_length&gt;255&lt;/field_length&gt;&lt;field_is_nullable&gt;False&lt;/field_is_nullable&gt;&lt;field_is_required&gt;False&lt;/field_is_required&gt;&lt;/AddField&gt;&lt;/workflow&gt;&lt;workflow&gt;&lt;AddField&gt;&lt;field_name&gt;AvgBrd&lt;/field_name&gt;&lt;field_type&gt;LONG&lt;/field_type&gt;&lt;field_is_nullable&gt;False&lt;/field_is_nullable&gt;&lt;field_is_required&gt;False&lt;/field_is_required&gt;&lt;/AddField&gt;&lt;/workflow&gt;&lt;/operationSequence&gt;</Process><Process ToolSource="c:\program files\arcgis\pro\Resources\ArcToolbox\toolboxes\Data Management Tools.tbx\UpdateSchema" Date="20210714" Time="160633">UpdateSchema "CIMDATA=&lt;CIMStandardDataConnection xsi:type='typens:CIMStandardDataConnection' xmlns:xsi='http://www.w3.org/2001/XMLSchema-instance' xmlns:xs='http://www.w3.org/2001/XMLSchema' xmlns:typens='http://www.esri.com/schemas/ArcGIS/2.6.0'&gt;&lt;WorkspaceConnectionString&gt;DATABASE=\\osiris\GIS Data\Routes\Routepatterns\TRAPEZE_ROUTES\2021_08_AUGUST\NAD1983&lt;/WorkspaceConnectionString&gt;&lt;WorkspaceFactory&gt;Shapefile&lt;/WorkspaceFactory&gt;&lt;Dataset&gt;2021_0808_ALLROUTES_NAD1983&lt;/Dataset&gt;&lt;DatasetType&gt;esriDTFeatureClass&lt;/DatasetType&gt;&lt;/CIMStandardDataConnection&gt;" &lt;operationSequence&gt;&lt;workflow&gt;&lt;AddField&gt;&lt;field_name&gt;LineAbbr1&lt;/field_name&gt;&lt;field_type&gt;LONG&lt;/field_type&gt;&lt;field_is_nullable&gt;False&lt;/field_is_nullable&gt;&lt;field_is_required&gt;False&lt;/field_is_required&gt;&lt;/AddField&gt;&lt;/workflow&gt;&lt;/operationSequence&gt;</Process><Process ToolSource="c:\program files\arcgis\pro\Resources\ArcToolbox\toolboxes\Data Management Tools.tbx\CalculateField" Date="20210714" Time="160722">CalculateField "2021 August\2021_0808_ALLROUTES_NAD1983" LineAbbr1 !LineAbbr! "Python 3" # Text</Process><Process ToolSource="c:\program files\arcgis\pro\Resources\ArcToolbox\toolboxes\Data Management Tools.tbx\DeleteField" Date="20210714" Time="161035">DeleteField "2021 August\2021_0808_ALLROUTES_NAD1983" LineAbbr1</Process><Process ToolSource="c:\program files\arcgis\pro\Resources\ArcToolbox\toolboxes\Data Management Tools.tbx\UpdateSchema" Date="20210824" Time="153636">UpdateSchema "CIMDATA=&lt;CIMStandardDataConnection xsi:type='typens:CIMStandardDataConnection' xmlns:xsi='http://www.w3.org/2001/XMLSchema-instance' xmlns:xs='http://www.w3.org/2001/XMLSchema' xmlns:typens='http://www.esri.com/schemas/ArcGIS/2.6.0'&gt;&lt;WorkspaceConnectionString&gt;DATABASE=\\osiris\GIS Data\Routes\Routepatterns\TRAPEZE_ROUTES\2021_08_AUGUST\NAD1983&lt;/WorkspaceConnectionString&gt;&lt;WorkspaceFactory&gt;Shapefile&lt;/WorkspaceFactory&gt;&lt;Dataset&gt;2021_0808_ALLROUTES_NAD1983&lt;/Dataset&gt;&lt;DatasetType&gt;esriDTFeatureClass&lt;/DatasetType&gt;&lt;/CIMStandardDataConnection&gt;" &lt;operationSequence&gt;&lt;workflow&gt;&lt;AddField&gt;&lt;field_name&gt;LineAbbr1&lt;/field_name&gt;&lt;field_type&gt;LONG&lt;/field_type&gt;&lt;field_is_nullable&gt;False&lt;/field_is_nullable&gt;&lt;field_is_required&gt;False&lt;/field_is_required&gt;&lt;/AddField&gt;&lt;/workflow&gt;&lt;/operationSequence&gt;</Process><Process ToolSource="c:\program files\arcgis\pro\Resources\ArcToolbox\toolboxes\Data Management Tools.tbx\CalculateField" Date="20210824" Time="153702">CalculateField "2021 August\2021_0808_ALLROUTES_NAD1983" LineAbbr1 !LineAbbr! "Python 3" # Text</Process><Process ToolSource="c:\program files\arcgis\pro\Resources\ArcToolbox\toolboxes\Data Management Tools.tbx\DeleteField" Date="20210824" Time="154304">DeleteField "2021 August\2021_0808_ALLROUTES_NAD1983" LineAbbr1</Process><Process ToolSource="c:\program files\arcgis\pro\Resources\ArcToolbox\toolboxes\Data Management Tools.tbx\UpdateSchema" Date="20210910" Time="153534">UpdateSchema "CIMDATA=&lt;CIMStandardDataConnection xsi:type='typens:CIMStandardDataConnection' xmlns:xsi='http://www.w3.org/2001/XMLSchema-instance' xmlns:xs='http://www.w3.org/2001/XMLSchema' xmlns:typens='http://www.esri.com/schemas/ArcGIS/2.6.0'&gt;&lt;WorkspaceConnectionString&gt;DATABASE=\\osiris\GIS Data\Routes\Routepatterns\TRAPEZE_ROUTES\2021_08_AUGUST\NAD1983&lt;/WorkspaceConnectionString&gt;&lt;WorkspaceFactory&gt;Shapefile&lt;/WorkspaceFactory&gt;&lt;Dataset&gt;2021_0808_ALLROUTES_NAD1983&lt;/Dataset&gt;&lt;DatasetType&gt;esriDTFeatureClass&lt;/DatasetType&gt;&lt;/CIMStandardDataConnection&gt;" &lt;operationSequence&gt;&lt;workflow&gt;&lt;AddField&gt;&lt;field_name&gt;LineAbbr1&lt;/field_name&gt;&lt;field_type&gt;LONG&lt;/field_type&gt;&lt;field_is_nullable&gt;False&lt;/field_is_nullable&gt;&lt;field_is_required&gt;False&lt;/field_is_required&gt;&lt;/AddField&gt;&lt;/workflow&gt;&lt;/operationSequence&gt;</Process><Process ToolSource="c:\program files\arcgis\pro\Resources\ArcToolbox\toolboxes\Data Management Tools.tbx\CalculateField" Date="20210910" Time="153603">CalculateField "2021 August\2021_0808_ALLROUTES_NAD1983" LineAbbr1 !LineAbbr! "Python 3" # Text</Process><Process ToolSource="c:\program files\arcgis\pro\Resources\ArcToolbox\toolboxes\Data Management Tools.tbx\DeleteField" Date="20210910" Time="153708">DeleteField "2021 August\2021_0808_ALLROUTES_NAD1983" LineAbbr1</Process><Process ToolSource="c:\program files\arcgis\pro\Resources\ArcToolbox\toolboxes\Data Management Tools.tbx\UpdateSchema" Date="20211028" Time="102914">UpdateSchema "CIMDATA=&lt;CIMStandardDataConnection xsi:type='typens:CIMStandardDataConnection' xmlns:xsi='http://www.w3.org/2001/XMLSchema-instance' xmlns:xs='http://www.w3.org/2001/XMLSchema' xmlns:typens='http://www.esri.com/schemas/ArcGIS/2.6.0'&gt;&lt;WorkspaceConnectionString&gt;DATABASE=\\osiris\GIS Data\Routes\Routepatterns\TRAPEZE_ROUTES\2021_08_AUGUST\NAD1983&lt;/WorkspaceConnectionString&gt;&lt;WorkspaceFactory&gt;Shapefile&lt;/WorkspaceFactory&gt;&lt;Dataset&gt;2021_0808_ALLROUTES_NAD1983&lt;/Dataset&gt;&lt;DatasetType&gt;esriDTFeatureClass&lt;/DatasetType&gt;&lt;/CIMStandardDataConnection&gt;" &lt;operationSequence&gt;&lt;workflow&gt;&lt;AddField&gt;&lt;field_name&gt;LineAbbr1&lt;/field_name&gt;&lt;field_type&gt;LONG&lt;/field_type&gt;&lt;field_is_nullable&gt;False&lt;/field_is_nullable&gt;&lt;field_is_required&gt;False&lt;/field_is_required&gt;&lt;/AddField&gt;&lt;/workflow&gt;&lt;/operationSequence&gt;</Process><Process ToolSource="c:\program files\arcgis\pro\Resources\ArcToolbox\toolboxes\Data Management Tools.tbx\CalculateField" Date="20211028" Time="102939">CalculateField "2021 August\2021_0808_ALLROUTES_NAD1983" LineAbbr1 !LineAbbr! "Python 3" # Text</Process><Process ToolSource="c:\program files\arcgis\pro\Resources\ArcToolbox\toolboxes\Data Management Tools.tbx\DeleteField" Date="20211028" Time="103413">DeleteField "2021 August\2021_0808_ALLROUTES_NAD1983" LineAbbr1</Process><Process ToolSource="c:\program files\arcgis\pro\Resources\ArcToolbox\toolboxes\Data Management Tools.tbx\Copy" Date="20221111" Time="152343">Copy "\\osiris\GIS Data\Routes\Routepatterns\TRAPEZE_ROUTES\2021_08_AUGUST\NAD1983\2021_0808_ALLROUTES_NAD1983.shp" C:\Users\sellis\Desktop\DELETELATER\UTA_ROUTES_2017_TO_PRESENT\2021_0808_ALLROUTES_NAD1983.shp Shapefile #</Process><Process ToolSource="c:\program files\arcgis\pro\Resources\ArcToolbox\toolboxes\Data Management Tools.tbx\CalculateField" Date="20221111" Time="153512">CalculateField 2021_0808_ALLROUTES_NAD1983 AvgBrd 0 "Python 3" # Text NO_ENFORCE_DOMAINS</Process></lineage><LayerFile>{"type":"CIMLayerDocument","version":"2.6.0","build":24783,"layers":["CIMPATH=map/2021_0808_allroutes_nad1983.xml"],"layerDefinitions":[{"type":"CIMFeatureLayer","name":"2021_0808_ALLROUTES_NAD1983","uRI":"CIMPATH=map/2021_0808_allroutes_nad1983.xml","sourceModifiedTime":{"type":"TimeInstant"},"useSourceMetadata":true,"description":"2021_0808_ALLROUTES_NAD1983","layerElevation":{"type":"CIMLayerElevationSurface","mapElevationID":"{0A3AE0EC-619F-40CC-A236-B1FCB1B240EA}"},"expanded":true,"layerType":"Operational","showLegends":true,"visibility":true,"displayCacheType":"Permanent","maxDisplayCacheAge":5,"showPopups":true,"serviceLayerID":-1,"refreshRate":-1,"refreshRateUnit":"esriTimeUnitsSeconds","autoGenerateFeatureTemplates":true,"featureElevationExpression":"0","featureTable":{"type":"CIMFeatureTable","displayField":"LineName","editable":true,"dataConnection":{"type":"CIMStandardDataConnection","workspaceConnectionString":"DATABASE=\\\\osiris\\GIS Data\\Routes\\Routepatterns\\TRAPEZE_ROUTES\\2021_08_AUGUST\\NAD1983","workspaceFactory":"Shapefile","dataset":"2021_0808_ALLROUTES_NAD1983","datasetType":"esriDTFeatureClass"},"studyAreaSpatialRel":"esriSpatialRelUndefined","searchOrder":"esriSearchOrderSpatial"},"htmlPopupEnabled":true,"selectable":true,"featureCacheType":"Session","displayFiltersType":"ByScale","labelClasses":[{"type":"CIMLabelClass","expression":"$feature.LineName","expressionEngine":"Arcade","featuresToLabel":"AllVisibleFeatures","maplexLabelPlacementProperties":{"type":"CIMMaplexLabelPlacementProperties","featureType":"Line","avoidPolygonHoles":true,"canOverrunFeature":true,"canPlaceLabelOutsidePolygon":true,"canRemoveOverlappingLabel":true,"canStackLabel":true,"connectionType":"MinimizeLabels","constrainOffset":"AboveLine","contourAlignmentType":"Page","contourLadderType":"Straight","contourMaximumAngle":90,"enableConnection":true,"featureWeight":0,"fontHeightReductionLimit":4,"fontHeightReductionStep":0.5,"fontWidthReductionLimit":90,"fontWidthReductionStep":5,"graticuleAlignmentType":"Straight","keyNumberGroupName":"Default","labelBuffer":15,"labelLargestPolygon":true,"labelPriority":-1,"labelStackingProperties":{"type":"CIMMaplexLabelStackingProperties","stackAlignment":"ChooseBest","maximumNumberOfLines":3,"minimumNumberOfCharsPerLine":3,"maximumNumberOfCharsPerLine":24,"separators":[{"type":"CIMMaplexStackingSeparator","separator":" ","splitAfter":true},{"type":"CIMMaplexStackingSeparator","separator":",","visible":true,"splitAfter":true}]},"lineFeatureType":"General","linePlacementMethod":"OffsetStraightFromLine","maximumLabelOverrun":16,"maximumLabelOverrunUnit":"Point","minimumFeatureSizeUnit":"Map","multiPartOption":"OneLabelPerFeature","offsetAlongLineProperties":{"type":"CIMMaplexOffsetAlongLineProperties","placementMethod":"BestPositionAlongLine","labelAnchorPoint":"CenterOfLabel","distanceUnit":"Map","useLineDirection":true},"pointExternalZonePriorities":{"type":"CIMMaplexExternalZonePriorities","aboveLeft":4,"aboveCenter":2,"aboveRight":1,"centerRight":3,"belowRight":5,"belowCenter":7,"belowLeft":8,"centerLeft":6},"pointPlacementMethod":"AroundPoint","polygonAnchorPointType":"GeometricCenter","polygonBoundaryWeight":0,"polygonExternalZones":{"type":"CIMMaplexExternalZonePriorities","aboveLeft":4,"aboveCenter":2,"aboveRight":1,"centerRight":3,"belowRight":5,"belowCenter":7,"belowLeft":8,"centerLeft":6},"polygonFeatureType":"General","polygonInternalZones":{"type":"CIMMaplexInternalZonePriorities","center":1},"polygonPlacementMethod":"CurvedInPolygon","primaryOffset":1,"primaryOffsetUnit":"Point","removeExtraWhiteSpace":true,"repetitionIntervalUnit":"Point","rotationProperties":{"type":"CIMMaplexRotationProperties","rotationType":"Arithmetic","alignmentType":"Straight"},"secondaryOffset":100,"strategyPriorities":{"type":"CIMMaplexStrategyPriorities","stacking":1,"overrun":2,"fontCompression":3,"fontReduction":4,"abbreviation":5},"thinningDistanceUnit":"Point","truncationMarkerCharacter":".","truncationMinimumLength":1,"truncationPreferredCharacters":"aeiou","truncationExcludedCharacters":"0123456789"},"name":"Class 1","priority":-1,"standardLabelPlacementProperties":{"type":"CIMStandardLabelPlacementProperties","featureType":"Line","featureWeight":"Low","labelWeight":"High","numLabelsOption":"OneLabelPerName","lineLabelPosition":{"type":"CIMStandardLineLabelPosition","above":true,"inLine":true,"parallel":true},"lineLabelPriorities":{"type":"CIMStandardLineLabelPriorities","aboveStart":3,"aboveAlong":3,"aboveEnd":3,"centerStart":3,"centerAlong":3,"centerEnd":3,"belowStart":3,"belowAlong":3,"belowEnd":3},"pointPlacementMethod":"AroundPoint","pointPlacementPriorities":{"type":"CIMStandardPointPlacementPriorities","aboveLeft":2,"aboveCenter":2,"aboveRight":1,"centerLeft":3,"centerRight":2,"belowLeft":3,"belowCenter":3,"belowRight":2},"rotationType":"Arithmetic","polygonPlacementMethod":"AlwaysHorizontal"},"textSymbol":{"type":"CIMSymbolReference","symbol":{"type":"CIMTextSymbol","blockProgression":"TTB","depth3D":1,"extrapolateBaselines":true,"fontEffects":"Normal","fontEncoding":"Unicode","fontFamilyName":"Tahoma","fontStyleName":"Regular","fontType":"Unspecified","haloSize":1,"height":10,"hinting":"Default","horizontalAlignment":"Left","kerning":true,"letterWidth":100,"ligatures":true,"lineGapType":"ExtraLeading","symbol":{"type":"CIMPolygonSymbol","symbolLayers":[{"type":"CIMSolidFill","enable":true,"color":{"type":"CIMRGBColor","values":[0,0,0,100]}}]},"textCase":"Normal","textDirection":"LTR","verticalAlignment":"Bottom","verticalGlyphOrientation":"Right","wordSpacing":100,"billboardMode3D":"FaceNearPlane"}},"useCodedValue":true,"visibility":true,"iD":-1}],"renderer":{"type":"CIMSimpleRenderer","patch":"Default","symbol":{"type":"CIMSymbolReference","symbol":{"type":"CIMLineSymbol","symbolLayers":[{"type":"CIMSolidStroke","enable":true,"capStyle":"Round","joinStyle":"Round","lineStyle3D":"Strip","miterLimit":10,"width":1,"color":{"type":"CIMRGBColor","values":[255,255,255,100]}}]}}},"scaleSymbols":true,"snappable":true}]}</LayerFile><copyHistory><copy source="\\osiris\GIS Data\Routes\Routepatterns\TRAPEZE_ROUTES\2021_08_AUGUST\NAD1983\2021_0808_ALLROUTES_NAD1983" dest="\\L30094\C$\Users\sellis\Desktop\DELETELATER\UTA_ROUTES_2017_TO_PRESENT\2021_0808_ALLROUTES_NAD1983" date="20221111" time="15234300"></copy></copyHistory></DataProperties><SyncDate>20210609</SyncDate><SyncTime>15530000</SyncTime><ModDate>20210609</ModDate><ModTime>15530000</ModTime></Esri><dataIdInfo><envirDesc Sync="TRUE">Microsoft Windows 10 Version 10.0 (Build 17763) ; Esri ArcGIS 12.6.3.24783</envirDesc><dataLang><languageCode value="eng" Sync="TRUE"></languageCode><countryCode value="USA" Sync="TRUE"></countryCode></dataLang><idCitation><resTitle Sync="TRUE">2021_0808_ALLROUTES_NAD1983</resTitle><presForm><PresFormCd value="005" Sync="TRUE"></PresFormCd></presForm></idCitation><spatRpType><SpatRepTypCd value="001" Sync="TRUE"></SpatRepTypCd></spatRpType></dataIdInfo><mdLang><languageCode value="eng" Sync="TRUE"></languageCode><countryCode value="USA" Sync="TRUE"></countryCode></mdLang><mdChar><CharSetCd value="004" Sync="TRUE"></CharSetCd></mdChar><distInfo><distFormat><formatName Sync="TRUE">Shapefile</formatName></distFormat><distTranOps><transSize Sync="TRUE">0.000</transSize></distTranOps></distInfo><mdHrLv><ScopeCd value="005" Sync="TRUE"></ScopeCd></mdHrLv><mdHrLvName Sync="TRUE">dataset</mdHrLvName><refSysInfo><RefSystem><refSysID><identCode code="6341" Sync="TRUE"></identCode><idCodeSpace Sync="TRUE">EPSG</idCodeSpace><idVersion Sync="TRUE">8.2.2(10.2.1)</idVersion></refSysID></RefSystem></refSysInfo><spatRepInfo><VectSpatRep><geometObjs Name="2021_0808_ALLROUTES_NAD1983"><geoObjTyp><GeoObjTypCd value="002" Sync="TRUE"></GeoObjTypCd></geoObjTyp><geoObjCnt Sync="TRUE">0</geoObjCnt></geometObjs><topLvl><TopoLevCd value="001" Sync="TRUE"></TopoLevCd></topLvl></VectSpatRep></spatRepInfo><spdoinfo><ptvctinf><esriterm Name="2021_0808_ALLROUTES_NAD1983"><efeatyp Sync="TRUE">Simple</efeatyp><efeageom code="3" Sync="TRUE"></efeageom><esritopo Sync="TRUE">FALSE</esritopo><efeacnt Sync="TRUE">0</efeacnt><spindex Sync="TRUE">FALSE</spindex><linrefer Sync="TRUE">FALSE</linrefer></esriterm></ptvctinf></spdoinfo><eainfo><detailed Name="2021_0808_ALLROUTES_NAD1983"><enttyp><enttypl Sync="TRUE">2021_0808_ALLROUTES_NAD1983</enttypl><enttypt Sync="TRUE">Feature Class</enttypt><enttypc Sync="TRUE">0</enttypc></enttyp><attr><attrlabl Sync="TRUE">FID</attrlabl><attalias Sync="TRUE">FID</attalias><attrtype Sync="TRUE">OID</attrtype><attwidth Sync="TRUE">4</attwidth><atprecis Sync="TRUE">0</atprecis><attscale Sync="TRUE">0</attscale><attrdef Sync="TRUE">Internal feature number.</attrdef><attrdefs Sync="TRUE">Esri</attrdefs><attrdomv><udom Sync="TRUE">Sequential unique whole numbers that are automatically generated.</udom></attrdomv></attr><attr><attrlabl Sync="TRUE">Shape</attrlabl><attalias Sync="TRUE">Shape</attalias><attrtype Sync="TRUE">Geometry</attrtype><attwidth Sync="TRUE">0</attwidth><atprecis Sync="TRUE">0</atprecis><attscale Sync="TRUE">0</attscale><attrdef Sync="TRUE">Feature geometry.</attrdef><attrdefs Sync="TRUE">Esri</attrdefs><attrdomv><udom Sync="TRUE">Coordinates defining the features.</udom></attrdomv></attr><attr><attrlabl Sync="TRUE">LineColor</attrlabl><attalias Sync="TRUE">LineColor</attalias><attrtype Sync="TRUE">Integer</attrtype><attwidth Sync="TRUE">10</attwidth><atprecis Sync="TRUE">10</atprecis><attscale Sync="TRUE">0</attscale></attr><attr><attrlabl Sync="TRUE">LineId</attrlabl><attalias Sync="TRUE">LineId</attalias><attrtype Sync="TRUE">Integer</attrtype><attwidth Sync="TRUE">10</attwidth><atprecis Sync="TRUE">10</atprecis><attscale Sync="TRUE">0</attscale></attr><attr><attrlabl Sync="TRUE">AgencyId</attrlabl><attalias Sync="TRUE">AgencyId</attalias><attrtype Sync="TRUE">Integer</attrtype><attwidth Sync="TRUE">10</attwidth><atprecis Sync="TRUE">10</atprecis><attscale Sync="TRUE">0</attscale></attr><attr><attrlabl Sync="TRUE">tpField00</attrlabl><attalias Sync="TRUE">tpField00</attalias><attrtype Sync="TRUE">Integer</attrtype><attwidth Sync="TRUE">10</attwidth><atprecis Sync="TRUE">10</atprecis><attscale Sync="TRUE">0</attscale></attr><attr><attrlabl Sync="TRUE">LineAbbr</attrlabl><attalias Sync="TRUE">LineAbbr</attalias><attrtype Sync="TRUE">String</attrtype><attwidth Sync="TRUE">7</attwidth><atprecis Sync="TRUE">0</atprecis><attscale Sync="TRUE">0</attscale></attr><attr><attrlabl Sync="TRUE">LineName</attrlabl><attalias Sync="TRUE">LineName</attalias><attrtype Sync="TRUE">String</attrtype><attwidth Sync="TRUE">75</attwidth><atprecis Sync="TRUE">0</atprecis><attscale Sync="TRUE">0</attscale></attr><attr><attrlabl Sync="TRUE">LineType</attrlabl><attalias Sync="TRUE">LineType</attalias><attrtype Sync="TRUE">String</attrtype><attwidth Sync="TRUE">2</attwidth><atprecis Sync="TRUE">0</atprecis><attscale Sync="TRUE">0</attscale></attr><attr><attrlabl Sync="TRUE">tpField01</attrlabl><attalias Sync="TRUE">tpField01</attalias><attrtype Sync="TRUE">String</attrtype><attwidth Sync="TRUE">7</attwidth><atprecis Sync="TRUE">0</atprecis><attscale Sync="TRUE">0</attscale></attr><attr><attrlabl Sync="TRUE">tpField02</attrlabl><attalias Sync="TRUE">tpField02</attalias><attrtype Sync="TRUE">Integer</attrtype><attwidth Sync="TRUE">5</attwidth><atprecis Sync="TRUE">5</atprecis><attscale Sync="TRUE">0</attscale></attr><attr><attrlabl Sync="TRUE">CommentId</attrlabl><attalias Sync="TRUE">CommentId</attalias><attrtype Sync="TRUE">Integer</attrtype><attwidth Sync="TRUE">10</attwidth><atprecis Sync="TRUE">10</atprecis><attscale Sync="TRUE">0</attscale></attr><attr><attrlabl Sync="TRUE">tpField03</attrlabl><attalias Sync="TRUE">tpField03</attalias><attrtype Sync="TRUE">Integer</attrtype><attwidth Sync="TRUE">5</attwidth><atprecis Sync="TRUE">5</atprecis><attscale Sync="TRUE">0</attscale></attr><attr><attrlabl Sync="TRUE">tpField04</attrlabl><attalias Sync="TRUE">tpField04</attalias><attrtype Sync="TRUE">Integer</attrtype><attwidth Sync="TRUE">10</attwidth><atprecis Sync="TRUE">10</atprecis><attscale Sync="TRUE">0</attscale></attr><attr><attrlabl Sync="TRUE">UserD1</attrlabl><attalias Sync="TRUE">UserD1</attalias><attrtype Sync="TRUE">Double</attrtype><attwidth Sync="TRUE">15</attwidth><atprecis Sync="TRUE">14</atprecis><attscale Sync="TRUE">4</attscale></attr><attr><attrlabl Sync="TRUE">UserD2</attrlabl><attalias Sync="TRUE">UserD2</attalias><attrtype Sync="TRUE">Double</attrtype><attwidth Sync="TRUE">15</attwidth><atprecis Sync="TRUE">14</atprecis><attscale Sync="TRUE">4</attscale></attr><attr><attrlabl Sync="TRUE">UserL1</attrlabl><attalias Sync="TRUE">UserL1</attalias><attrtype Sync="TRUE">Integer</attrtype><attwidth Sync="TRUE">10</attwidth><atprecis Sync="TRUE">10</atprecis><attscale Sync="TRUE">0</attscale></attr><attr><attrlabl Sync="TRUE">UserL2</attrlabl><attalias Sync="TRUE">UserL2</attalias><attrtype Sync="TRUE">Integer</attrtype><attwidth Sync="TRUE">10</attwidth><atprecis Sync="TRUE">10</atprecis><attscale Sync="TRUE">0</attscale></attr><attr><attrlabl Sync="TRUE">UserL3</attrlabl><attalias Sync="TRUE">UserL3</attalias><attrtype Sync="TRUE">Integer</attrtype><attwidth Sync="TRUE">10</attwidth><atprecis Sync="TRUE">10</atprecis><attscale Sync="TRUE">0</attscale></attr><attr><attrlabl Sync="TRUE">UserL4</attrlabl><attalias Sync="TRUE">UserL4</attalias><attrtype Sync="TRUE">Integer</attrtype><attwidth Sync="TRUE">10</attwidth><atprecis Sync="TRUE">10</atprecis><attscale Sync="TRUE">0</attscale></attr><attr><attrlabl Sync="TRUE">UserL5</attrlabl><attalias Sync="TRUE">UserL5</attalias><attrtype Sync="TRUE">Integer</attrtype><attwidth Sync="TRUE">10</attwidth><atprecis Sync="TRUE">10</atprecis><attscale Sync="TRUE">0</attscale></attr><attr><attrlabl Sync="TRUE">UserL6</attrlabl><attalias Sync="TRUE">UserL6</attalias><attrtype Sync="TRUE">Integer</attrtype><attwidth Sync="TRUE">10</attwidth><atprecis Sync="TRUE">10</atprecis><attscale Sync="TRUE">0</attscale></attr><attr><attrlabl Sync="TRUE">UserL7</attrlabl><attalias Sync="TRUE">UserL7</attalias><attrtype Sync="TRUE">Integer</attrtype><attwidth Sync="TRUE">10</attwidth><atprecis Sync="TRUE">10</atprecis><attscale Sync="TRUE">0</attscale></attr><attr><attrlabl Sync="TRUE">UserL8</attrlabl><attalias Sync="TRUE">UserL8</attalias><attrtype Sync="TRUE">Integer</attrtype><attwidth Sync="TRUE">10</attwidth><atprecis Sync="TRUE">10</atprecis><attscale Sync="TRUE">0</attscale></attr><attr><attrlabl Sync="TRUE">tpField05</attrlabl><attalias Sync="TRUE">tpField05</attalias><attrtype Sync="TRUE">Integer</attrtype><attwidth Sync="TRUE">5</attwidth><atprecis Sync="TRUE">5</atprecis><attscale Sync="TRUE">0</attscale></attr><attr><attrlabl Sync="TRUE">UserS2</attrlabl><attalias Sync="TRUE">UserS2</attalias><attrtype Sync="TRUE">Integer</attrtype><attwidth Sync="TRUE">5</attwidth><atprecis Sync="TRUE">5</atprecis><attscale Sync="TRUE">0</attscale></attr><attr><attrlabl Sync="TRUE">UserS3</attrlabl><attalias Sync="TRUE">UserS3</attalias><attrtype Sync="TRUE">Integer</attrtype><attwidth Sync="TRUE">5</attwidth><atprecis Sync="TRUE">5</atprecis><attscale Sync="TRUE">0</attscale></attr><attr><attrlabl Sync="TRUE">UserS4</attrlabl><attalias Sync="TRUE">UserS4</attalias><attrtype Sync="TRUE">Integer</attrtype><attwidth Sync="TRUE">5</attwidth><atprecis Sync="TRUE">5</atprecis><attscale Sync="TRUE">0</attscale></attr><attr><attrlabl Sync="TRUE">UserS5</attrlabl><attalias Sync="TRUE">UserS5</attalias><attrtype Sync="TRUE">Integer</attrtype><attwidth Sync="TRUE">5</attwidth><atprecis Sync="TRUE">5</atprecis><attscale Sync="TRUE">0</attscale></attr><attr><attrlabl Sync="TRUE">UserS6</attrlabl><attalias Sync="TRUE">UserS6</attalias><attrtype Sync="TRUE">Integer</attrtype><attwidth Sync="TRUE">5</attwidth><atprecis Sync="TRUE">5</atprecis><attscale Sync="TRUE">0</attscale></attr><attr><attrlabl Sync="TRUE">UserS7</attrlabl><attalias Sync="TRUE">UserS7</attalias><attrtype Sync="TRUE">Integer</attrtype><attwidth Sync="TRUE">5</attwidth><atprecis Sync="TRUE">5</atprecis><attscale Sync="TRUE">0</attscale></attr><attr><attrlabl Sync="TRUE">UserS8</attrlabl><attalias Sync="TRUE">UserS8</attalias><attrtype Sync="TRUE">Integer</attrtype><attwidth Sync="TRUE">5</attwidth><atprecis Sync="TRUE">5</atprecis><attscale Sync="TRUE">0</attscale></attr><attr><attrlabl Sync="TRUE">tpField06</attrlabl><attalias Sync="TRUE">tpField06</attalias><attrtype Sync="TRUE">String</attrtype><attwidth Sync="TRUE">254</attwidth><atprecis Sync="TRUE">0</atprecis><attscale Sync="TRUE">0</attscale></attr><attr><attrlabl Sync="TRUE">UserA2</attrlabl><attalias Sync="TRUE">UserA2</attalias><attrtype Sync="TRUE">String</attrtype><attwidth Sync="TRUE">254</attwidth><atprecis Sync="TRUE">0</atprecis><attscale Sync="TRUE">0</attscale></attr><attr><attrlabl Sync="TRUE">UserA3</attrlabl><attalias Sync="TRUE">UserA3</attalias><attrtype Sync="TRUE">String</attrtype><attwidth Sync="TRUE">254</attwidth><atprecis Sync="TRUE">0</atprecis><attscale Sync="TRUE">0</attscale></attr><attr><attrlabl Sync="TRUE">Frequency</attrlabl><attalias Sync="TRUE">Frequency</attalias><attrtype Sync="TRUE">String</attrtype><attwidth Sync="TRUE">254</attwidth><atprecis Sync="TRUE">0</atprecis><attscale Sync="TRUE">0</attscale></attr><attr><attrlabl Sync="TRUE">RouteType</attrlabl><attalias Sync="TRUE">RouteType</attalias><attrtype Sync="TRUE">String</attrtype><attwidth Sync="TRUE">254</attwidth><atprecis Sync="TRUE">0</atprecis><attscale Sync="TRUE">0</attscale></attr><attr><attrlabl Sync="TRUE">tpField07</attrlabl><attalias Sync="TRUE">tpField07</attalias><attrtype Sync="TRUE">String</attrtype><attwidth Sync="TRUE">254</attwidth><atprecis Sync="TRUE">0</atprecis><attscale Sync="TRUE">0</attscale></attr><attr><attrlabl Sync="TRUE">UserA7</attrlabl><attalias Sync="TRUE">UserA7</attalias><attrtype Sync="TRUE">String</attrtype><attwidth Sync="TRUE">254</attwidth><atprecis Sync="TRUE">0</atprecis><attscale Sync="TRUE">0</attscale></attr><attr><attrlabl Sync="TRUE">UserA8</attrlabl><attalias Sync="TRUE">UserA8</attalias><attrtype Sync="TRUE">String</attrtype><attwidth Sync="TRUE">254</attwidth><atprecis Sync="TRUE">0</atprecis><attscale Sync="TRUE">0</attscale></attr><attr><attrlabl Sync="TRUE">tpField08</attrlabl><attalias Sync="TRUE">tpField08</attalias><attrtype Sync="TRUE">Integer</attrtype><attwidth Sync="TRUE">10</attwidth><atprecis Sync="TRUE">10</atprecis><attscale Sync="TRUE">0</attscale></attr><attr><attrlabl Sync="TRUE">tpField09</attrlabl><attalias Sync="TRUE">tpField09</attalias><attrtype Sync="TRUE">Integer</attrtype><attwidth Sync="TRUE">10</attwidth><atprecis Sync="TRUE">10</atprecis><attscale Sync="TRUE">0</attscale></attr><attr><attrlabl Sync="TRUE">NumTrips</attrlabl><attalias Sync="TRUE">NumTrips</attalias><attrtype Sync="TRUE">Integer</attrtype><attwidth Sync="TRUE">5</attwidth><atprecis Sync="TRUE">5</atprecis><attscale Sync="TRUE">0</attscale></attr><attr><attrlabl Sync="TRUE">tpField10</attrlabl><attalias Sync="TRUE">tpField10</attalias><attrtype Sync="TRUE">Integer</attrtype><attwidth Sync="TRUE">10</attwidth><atprecis Sync="TRUE">10</atprecis><attscale Sync="TRUE">0</attscale></attr><attr><attrlabl Sync="TRUE">tpField11</attrlabl><attalias Sync="TRUE">tpField11</attalias><attrtype Sync="TRUE">String</attrtype><attwidth Sync="TRUE">8</attwidth><atprecis Sync="TRUE">0</atprecis><attscale Sync="TRUE">0</attscale></attr><attr><attrlabl Sync="TRUE">tpField12</attrlabl><attalias Sync="TRUE">tpField12</attalias><attrtype Sync="TRUE">String</attrtype><attwidth Sync="TRUE">15</attwidth><atprecis Sync="TRUE">0</atprecis><attscale Sync="TRUE">0</attscale></attr><attr><attrlabl Sync="TRUE">RevenueNo</attrlabl><attalias Sync="TRUE">RevenueNo</attalias><attrtype Sync="TRUE">String</attrtype><attwidth Sync="TRUE">10</attwidth><atprecis Sync="TRUE">0</atprecis><attscale Sync="TRUE">0</attscale></attr><attr><attrlabl Sync="TRUE">tpField13</attrlabl><attalias Sync="TRUE">tpField13</attalias><attrtype Sync="TRUE">Integer</attrtype><attwidth Sync="TRUE">10</attwidth><atprecis Sync="TRUE">10</atprecis><attscale Sync="TRUE">0</attscale></attr><attr><attrlabl Sync="TRUE">IsShuttle</attrlabl><attalias Sync="TRUE">IsShuttle</attalias><attrtype Sync="TRUE">Integer</attrtype><attwidth Sync="TRUE">5</attwidth><atprecis Sync="TRUE">5</atprecis><attscale Sync="TRUE">0</attscale></attr><attr><attrlabl Sync="TRUE">tpField14</attrlabl><attalias Sync="TRUE">tpField14</attalias><attrtype Sync="TRUE">Integer</attrtype><attwidth Sync="TRUE">5</attwidth><atprecis Sync="TRUE">5</atprecis><attscale Sync="TRUE">0</attscale></attr><attr><attrlabl Sync="TRUE">tpField15</attrlabl><attalias Sync="TRUE">tpField15</attalias><attrtype Sync="TRUE">String</attrtype><attwidth Sync="TRUE">16</attwidth><atprecis Sync="TRUE">0</atprecis><attscale Sync="TRUE">0</attscale></attr><attr><attrlabl Sync="TRUE">AVLExport</attrlabl><attalias Sync="TRUE">AVLExport</attalias><attrtype Sync="TRUE">Integer</attrtype><attwidth Sync="TRUE">5</attwidth><atprecis Sync="TRUE">5</atprecis><attscale Sync="TRUE">0</attscale></attr><attr><attrlabl Sync="TRUE">tpField16</attrlabl><attalias Sync="TRUE">tpField16</attalias><attrtype Sync="TRUE">String</attrtype><attwidth Sync="TRUE">254</attwidth><atprecis Sync="TRUE">0</atprecis><attscale Sync="TRUE">0</attscale></attr><attr><attrlabl Sync="TRUE">tpField17</attrlabl><attalias Sync="TRUE">tpField17</attalias><attrtype Sync="TRUE">String</attrtype><attwidth Sync="TRUE">254</attwidth><atprecis Sync="TRUE">0</atprecis><attscale Sync="TRUE">0</attscale></attr><attr><attrlabl Sync="TRUE">tpField18</attrlabl><attalias Sync="TRUE">tpField18</attalias><attrtype Sync="TRUE">String</attrtype><attwidth Sync="TRUE">254</attwidth><atprecis Sync="TRUE">0</atprecis><attscale Sync="TRUE">0</attscale></attr><attr><attrlabl Sync="TRUE">tpField19</attrlabl><attalias Sync="TRUE">tpField19</attalias><attrtype Sync="TRUE">String</attrtype><attwidth Sync="TRUE">254</attwidth><atprecis Sync="TRUE">0</atprecis><attscale Sync="TRUE">0</attscale></attr><attr><attrlabl Sync="TRUE">UserLS5</attrlabl><attalias Sync="TRUE">UserLS5</attalias><attrtype Sync="TRUE">String</attrtype><attwidth Sync="TRUE">254</attwidth><atprecis Sync="TRUE">0</atprecis><attscale Sync="TRUE">0</attscale></attr><attr><attrlabl Sync="TRUE">LineId0</attrlabl><attalias Sync="TRUE">LineId0</attalias><attrtype Sync="TRUE">Integer</attrtype><attwidth Sync="TRUE">10</attwidth><atprecis Sync="TRUE">10</atprecis><attscale Sync="TRUE">0</attscale></attr><attr><attrlabl Sync="TRUE">LineId1</attrlabl><attalias Sync="TRUE">LineId1</attalias><attrtype Sync="TRUE">Integer</attrtype><attwidth Sync="TRUE">10</attwidth><atprecis Sync="TRUE">10</atprecis><attscale Sync="TRUE">0</attscale></attr><attr><attrlabl Sync="TRUE">DirNum0</attrlabl><attalias Sync="TRUE">DirNum0</attalias><attrtype Sync="TRUE">Integer</attrtype><attwidth Sync="TRUE">5</attwidth><atprecis Sync="TRUE">5</atprecis><attscale Sync="TRUE">0</attscale></attr><attr><attrlabl Sync="TRUE">DirNum1</attrlabl><attalias Sync="TRUE">DirNum1</attalias><attrtype Sync="TRUE">Integer</attrtype><attwidth Sync="TRUE">5</attwidth><atprecis Sync="TRUE">5</atprecis><attscale Sync="TRUE">0</attscale></attr><attr><attrlabl Sync="TRUE">LineDirId0</attrlabl><attalias Sync="TRUE">LineDirId0</attalias><attrtype Sync="TRUE">Integer</attrtype><attwidth Sync="TRUE">10</attwidth><atprecis Sync="TRUE">10</atprecis><attscale Sync="TRUE">0</attscale></attr><attr><attrlabl Sync="TRUE">LineDirId1</attrlabl><attalias Sync="TRUE">LineDirId1</attalias><attrtype Sync="TRUE">Integer</attrtype><attwidth Sync="TRUE">10</attwidth><atprecis Sync="TRUE">10</atprecis><attscale Sync="TRUE">0</attscale></attr><attr><attrlabl Sync="TRUE">AgencyId0</attrlabl><attalias Sync="TRUE">AgencyId0</attalias><attrtype Sync="TRUE">Integer</attrtype><attwidth Sync="TRUE">10</attwidth><atprecis Sync="TRUE">10</atprecis><attscale Sync="TRUE">0</attscale></attr><attr><attrlabl Sync="TRUE">AgencyId1</attrlabl><attalias Sync="TRUE">AgencyId1</attalias><attrtype Sync="TRUE">Integer</attrtype><attwidth Sync="TRUE">10</attwidth><atprecis Sync="TRUE">10</atprecis><attscale Sync="TRUE">0</attscale></attr><attr><attrlabl Sync="TRUE">tpField200</attrlabl><attalias Sync="TRUE">tpField200</attalias><attrtype Sync="TRUE">Integer</attrtype><attwidth Sync="TRUE">10</attwidth><atprecis Sync="TRUE">10</atprecis><attscale Sync="TRUE">0</attscale></attr><attr><attrlabl Sync="TRUE">tpField201</attrlabl><attalias Sync="TRUE">tpField201</attalias><attrtype Sync="TRUE">Integer</attrtype><attwidth Sync="TRUE">10</attwidth><atprecis Sync="TRUE">10</atprecis><attscale Sync="TRUE">0</attscale></attr><attr><attrlabl Sync="TRUE">tpField210</attrlabl><attalias Sync="TRUE">tpField210</attalias><attrtype Sync="TRUE">String</attrtype><attwidth Sync="TRUE">15</attwidth><atprecis Sync="TRUE">0</atprecis><attscale Sync="TRUE">0</attscale></attr><attr><attrlabl Sync="TRUE">tpField211</attrlabl><attalias Sync="TRUE">tpField211</attalias><attrtype Sync="TRUE">String</attrtype><attwidth Sync="TRUE">15</attwidth><atprecis Sync="TRUE">0</atprecis><attscale Sync="TRUE">0</attscale></attr><attr><attrlabl Sync="TRUE">UserD10</attrlabl><attalias Sync="TRUE">UserD10</attalias><attrtype Sync="TRUE">Double</attrtype><attwidth Sync="TRUE">15</attwidth><atprecis Sync="TRUE">14</atprecis><attscale Sync="TRUE">4</attscale></attr><attr><attrlabl Sync="TRUE">UserD11</attrlabl><attalias Sync="TRUE">UserD11</attalias><attrtype Sync="TRUE">Double</attrtype><attwidth Sync="TRUE">15</attwidth><atprecis Sync="TRUE">14</atprecis><attscale Sync="TRUE">4</attscale></attr><attr><attrlabl Sync="TRUE">UserD20</attrlabl><attalias Sync="TRUE">UserD20</attalias><attrtype Sync="TRUE">Double</attrtype><attwidth Sync="TRUE">15</attwidth><atprecis Sync="TRUE">14</atprecis><attscale Sync="TRUE">4</attscale></attr><attr><attrlabl Sync="TRUE">UserD21</attrlabl><attalias Sync="TRUE">UserD21</attalias><attrtype Sync="TRUE">Double</attrtype><attwidth Sync="TRUE">15</attwidth><atprecis Sync="TRUE">14</atprecis><attscale Sync="TRUE">4</attscale></attr><attr><attrlabl Sync="TRUE">UserL10</attrlabl><attalias Sync="TRUE">UserL10</attalias><attrtype Sync="TRUE">Integer</attrtype><attwidth Sync="TRUE">10</attwidth><atprecis Sync="TRUE">10</atprecis><attscale Sync="TRUE">0</attscale></attr><attr><attrlabl Sync="TRUE">UserL11</attrlabl><attalias Sync="TRUE">UserL11</attalias><attrtype Sync="TRUE">Integer</attrtype><attwidth Sync="TRUE">10</attwidth><atprecis Sync="TRUE">10</atprecis><attscale Sync="TRUE">0</attscale></attr><attr><attrlabl Sync="TRUE">UserL20</attrlabl><attalias Sync="TRUE">UserL20</attalias><attrtype Sync="TRUE">Integer</attrtype><attwidth Sync="TRUE">10</attwidth><atprecis Sync="TRUE">10</atprecis><attscale Sync="TRUE">0</attscale></attr><attr><attrlabl Sync="TRUE">UserL21</attrlabl><attalias Sync="TRUE">UserL21</attalias><attrtype Sync="TRUE">Integer</attrtype><attwidth Sync="TRUE">10</attwidth><atprecis Sync="TRUE">10</atprecis><attscale Sync="TRUE">0</attscale></attr><attr><attrlabl Sync="TRUE">UserL30</attrlabl><attalias Sync="TRUE">UserL30</attalias><attrtype Sync="TRUE">Integer</attrtype><attwidth Sync="TRUE">10</attwidth><atprecis Sync="TRUE">10</atprecis><attscale Sync="TRUE">0</attscale></attr><attr><attrlabl Sync="TRUE">UserL31</attrlabl><attalias Sync="TRUE">UserL31</attalias><attrtype Sync="TRUE">Integer</attrtype><attwidth Sync="TRUE">10</attwidth><atprecis Sync="TRUE">10</atprecis><attscale Sync="TRUE">0</attscale></attr><attr><attrlabl Sync="TRUE">UserL40</attrlabl><attalias Sync="TRUE">UserL40</attalias><attrtype Sync="TRUE">Integer</attrtype><attwidth Sync="TRUE">10</attwidth><atprecis Sync="TRUE">10</atprecis><attscale Sync="TRUE">0</attscale></attr><attr><attrlabl Sync="TRUE">UserL41</attrlabl><attalias Sync="TRUE">UserL41</attalias><attrtype Sync="TRUE">Integer</attrtype><attwidth Sync="TRUE">10</attwidth><atprecis Sync="TRUE">10</atprecis><attscale Sync="TRUE">0</attscale></attr><attr><attrlabl Sync="TRUE">UserS10</attrlabl><attalias Sync="TRUE">UserS10</attalias><attrtype Sync="TRUE">Integer</attrtype><attwidth Sync="TRUE">5</attwidth><atprecis Sync="TRUE">5</atprecis><attscale Sync="TRUE">0</attscale></attr><attr><attrlabl Sync="TRUE">UserS11</attrlabl><attalias Sync="TRUE">UserS11</attalias><attrtype Sync="TRUE">Integer</attrtype><attwidth Sync="TRUE">5</attwidth><atprecis Sync="TRUE">5</atprecis><attscale Sync="TRUE">0</attscale></attr><attr><attrlabl Sync="TRUE">UserS20</attrlabl><attalias Sync="TRUE">UserS20</attalias><attrtype Sync="TRUE">Integer</attrtype><attwidth Sync="TRUE">5</attwidth><atprecis Sync="TRUE">5</atprecis><attscale Sync="TRUE">0</attscale></attr><attr><attrlabl Sync="TRUE">UserS21</attrlabl><attalias Sync="TRUE">UserS21</attalias><attrtype Sync="TRUE">Integer</attrtype><attwidth Sync="TRUE">5</attwidth><atprecis Sync="TRUE">5</atprecis><attscale Sync="TRUE">0</attscale></attr><attr><attrlabl Sync="TRUE">UserS30</attrlabl><attalias Sync="TRUE">UserS30</attalias><attrtype Sync="TRUE">Integer</attrtype><attwidth Sync="TRUE">5</attwidth><atprecis Sync="TRUE">5</atprecis><attscale Sync="TRUE">0</attscale></attr><attr><attrlabl Sync="TRUE">UserS31</attrlabl><attalias Sync="TRUE">UserS31</attalias><attrtype Sync="TRUE">Integer</attrtype><attwidth Sync="TRUE">5</attwidth><atprecis Sync="TRUE">5</atprecis><attscale Sync="TRUE">0</attscale></attr><attr><attrlabl Sync="TRUE">UserS40</attrlabl><attalias Sync="TRUE">UserS40</attalias><attrtype Sync="TRUE">Integer</attrtype><attwidth Sync="TRUE">5</attwidth><atprecis Sync="TRUE">5</atprecis><attscale Sync="TRUE">0</attscale></attr><attr><attrlabl Sync="TRUE">UserS41</attrlabl><attalias Sync="TRUE">UserS41</attalias><attrtype Sync="TRUE">Integer</attrtype><attwidth Sync="TRUE">5</attwidth><atprecis Sync="TRUE">5</atprecis><attscale Sync="TRUE">0</attscale></attr><attr><attrlabl Sync="TRUE">UserA10</attrlabl><attalias Sync="TRUE">UserA10</attalias><attrtype Sync="TRUE">String</attrtype><attwidth Sync="TRUE">254</attwidth><atprecis Sync="TRUE">0</atprecis><attscale Sync="TRUE">0</attscale></attr><attr><attrlabl Sync="TRUE">UserA11</attrlabl><attalias Sync="TRUE">UserA11</attalias><attrtype Sync="TRUE">String</attrtype><attwidth Sync="TRUE">254</attwidth><atprecis Sync="TRUE">0</atprecis><attscale Sync="TRUE">0</attscale></attr><attr><attrlabl Sync="TRUE">UserA20</attrlabl><attalias Sync="TRUE">UserA20</attalias><attrtype Sync="TRUE">String</attrtype><attwidth Sync="TRUE">254</attwidth><atprecis Sync="TRUE">0</atprecis><attscale Sync="TRUE">0</attscale></attr><attr><attrlabl Sync="TRUE">UserA21</attrlabl><attalias Sync="TRUE">UserA21</attalias><attrtype Sync="TRUE">String</attrtype><attwidth Sync="TRUE">254</attwidth><atprecis Sync="TRUE">0</atprecis><attscale Sync="TRUE">0</attscale></attr><attr><attrlabl Sync="TRUE">UserA30</attrlabl><attalias Sync="TRUE">UserA30</attalias><attrtype Sync="TRUE">String</attrtype><attwidth Sync="TRUE">254</attwidth><atprecis Sync="TRUE">0</atprecis><attscale Sync="TRUE">0</attscale></attr><attr><attrlabl Sync="TRUE">UserA31</attrlabl><attalias Sync="TRUE">UserA31</attalias><attrtype Sync="TRUE">String</attrtype><attwidth Sync="TRUE">254</attwidth><atprecis Sync="TRUE">0</atprecis><attscale Sync="TRUE">0</attscale></attr><attr><attrlabl Sync="TRUE">UserA40</attrlabl><attalias Sync="TRUE">UserA40</attalias><attrtype Sync="TRUE">String</attrtype><attwidth Sync="TRUE">254</attwidth><atprecis Sync="TRUE">0</atprecis><attscale Sync="TRUE">0</attscale></attr><attr><attrlabl Sync="TRUE">UserA41</attrlabl><attalias Sync="TRUE">UserA41</attalias><attrtype Sync="TRUE">String</attrtype><attwidth Sync="TRUE">254</attwidth><atprecis Sync="TRUE">0</atprecis><attscale Sync="TRUE">0</attscale></attr><attr><attrlabl Sync="TRUE">tpField220</attrlabl><attalias Sync="TRUE">tpField220</attalias><attrtype Sync="TRUE">Integer</attrtype><attwidth Sync="TRUE">10</attwidth><atprecis Sync="TRUE">10</atprecis><attscale Sync="TRUE">0</attscale></attr><attr><attrlabl Sync="TRUE">tpField221</attrlabl><attalias Sync="TRUE">tpField221</attalias><attrtype Sync="TRUE">Integer</attrtype><attwidth Sync="TRUE">10</attwidth><atprecis Sync="TRUE">10</atprecis><attscale Sync="TRUE">0</attscale></attr><attr><attrlabl Sync="TRUE">Sections0</attrlabl><attalias Sync="TRUE">Sections0</attalias><attrtype Sync="TRUE">Integer</attrtype><attwidth Sync="TRUE">10</attwidth><atprecis Sync="TRUE">10</atprecis><attscale Sync="TRUE">0</attscale></attr><attr><attrlabl Sync="TRUE">Sections1</attrlabl><attalias Sync="TRUE">Sections1</attalias><attrtype Sync="TRUE">Integer</attrtype><attwidth Sync="TRUE">10</attwidth><atprecis Sync="TRUE">10</atprecis><attscale Sync="TRUE">0</attscale></attr><attr><attrlabl Sync="TRUE">tpField230</attrlabl><attalias Sync="TRUE">tpField230</attalias><attrtype Sync="TRUE">Integer</attrtype><attwidth Sync="TRUE">10</attwidth><atprecis Sync="TRUE">10</atprecis><attscale Sync="TRUE">0</attscale></attr><attr><attrlabl Sync="TRUE">tpField231</attrlabl><attalias Sync="TRUE">tpField231</attalias><attrtype Sync="TRUE">Integer</attrtype><attwidth Sync="TRUE">10</attwidth><atprecis Sync="TRUE">10</atprecis><attscale Sync="TRUE">0</attscale></attr><attr><attrlabl Sync="TRUE">tpField240</attrlabl><attalias Sync="TRUE">tpField240</attalias><attrtype Sync="TRUE">Integer</attrtype><attwidth Sync="TRUE">5</attwidth><atprecis Sync="TRUE">5</atprecis><attscale Sync="TRUE">0</attscale></attr><attr><attrlabl Sync="TRUE">tpField241</attrlabl><attalias Sync="TRUE">tpField241</attalias><attrtype Sync="TRUE">Integer</attrtype><attwidth Sync="TRUE">5</attwidth><atprecis Sync="TRUE">5</atprecis><attscale Sync="TRUE">0</attscale></attr></detailed></eainfo><mdDateSt Sync="TRUE">20210609</mdDateSt></metadata>
